ID,Time_taken (min)
0xc125,23.8891000184476
0xf18,24.70555929175726
0x4b92,33.944063030554204
0x31bb,28.097482704398278
0x6756,18.38777505764619
0x1621,15.792973045670868
0xa34a,16.459307634871635
0x9dd2,47.25902711706978
0xb834,25.16186062373753
0x4ffe,17.856514212226074
0x1eb9,24.87550297344391
0x8cbb,24.4313304226989
0x4e4,35.4424017358364
0xb00b,24.216154799604837
0x3344,24.232063139728584
0x6b25,16.79017003320321
0x17a5,18.749877551440218
0x965f,24.723933288493356
0x3c39,28.337291878362482
0x2ca4,25.56670580853422
0x2197,21.449016210130377
0xc515,21.041743203286167
0x7f35,28.883486833734516
0x17b8,17.775380875330043
0x8670,17.507564548864508
0x4b41,22.583404186936345
0xdabb,19.882814818144205
0x8547,35.97391688655383
0x1ce9,27.881724174386314
0x7191,40.16953194706668
0x15d9,20.575737585007445
0xa88c,38.51328920473617
0x9ced,35.34272117350783
0x1a64,24.582679639225137
0x68c,26.630908238167798
0x345e,36.94827321883372
0x955f,27.86980596456447
0xa000,25.807115531337388
0x10fe,28.861014502555555
0xadec,24.417157507941816
0x50b6,28.71753466733607
0x9ea1,25.17570429800286
0x59e,39.41102690795032
0x3588,40.70962171615548
0xd69d,21.31508385433187
0x358f,29.512671362459837
0xa977,13.171404527885485
0x1e3c,22.65675619089891
0x7aa8,28.734393038094105
0x5300,20.72709518200235
0x3903,26.45560271122021
0x1a1c,16.036830903424452
0xcf06,35.38860555694707
0xc0e5,34.43805828029533
0xb674,26.37836752626668
0x687f,26.527695522623237
0xcafe,22.249693953952608
0x947d,14.692000636001964
0xe282,34.66120815621287
0x400a,27.224670465973418
0x2af2,29.554344850606203
0xa24b,16.842979044089446
0x85cb,35.7163576525837
0xdb69,28.750588453618313
0x9756,19.929309797816188
0x906c,17.630977966036973
0x6951,23.79850694111409
0x1de1,18.482398143991887
0x3da6,22.74964144044426
0xca32,24.82475413958108
0xd4ca,17.259914101699255
0xbf04,23.5496692833812
0x519a,26.228538274358034
0x3818,14.414117422426141
0x85c8,24.174341346114684
0xb3fa,39.782593799910785
0x883a,35.0056641888899
0x2fd8,21.264147239053912
0x9a48,13.170932393718854
0x7de0,28.341638400933974
0x35e8,33.911729032558
0x2dbd,29.335072935828336
0xb717,17.218480138780777
0x2566,37.03943546411628
0x7644,24.496181275861336
0xb39d,24.015680483212574
0x48b4,18.17039567765872
0x4195,13.865432751896707
0x7e7c,18.635110415089674
0x7714,35.70181337859822
0x73db,15.171788904637053
0x3140,34.51400723511006
0x78f2,28.708355830786953
0xc339,32.92770832737958
0x9de1,22.767471779945065
0x1c36,24.863682322910453
0x3766,15.259409041748127
0x6ab4,24.8605718504938
0x6ec9,34.041487436310646
0x7f0c,36.070451949505404
0x5260,42.12385244517951
0x6c9d,24.80863040884137
0x93b0,23.297453330754095
0x238d,21.78911847590295
0xeaa,16.499126511452545
0x3d7c,28.529857516004764
0xe21,19.590565068781586
0x7e26,24.72909080821186
0xa887,29.488391713124543
0x7d94,13.425264437111576
0xacb,15.421452241358889
0x640e,15.80107288878173
0x8c9d,19.97505303542907
0x8f94,21.023257618260402
0xa60,16.237945787718967
0x23f2,24.268265793611302
0xccd,25.68324399278082
0x6dee,32.96061912388573
0x7ab9,22.240565443829706
0x43f6,19.05905828289742
0x222b,12.912931035808638
0x5933,17.05420890864204
0xd6ae,34.99476712571808
0x4768,13.139131509746028
0xc19a,37.05019478997112
0x8eed,15.463784708110781
0x9824,40.44941096163385
0x1bea,34.9292044137527
0xc877,20.19528507074869
0xb78a,20.319101556238213
0xfdf,14.17358148292117
0xc366,22.79902962876749
0xe090,16.397584965550024
0xb7cc,23.542719172201547
0xb1f6,22.0875992987453
0xa7a9,22.003274653823112
0x88d5,16.569943762386444
0x97b7,38.26247741930625
0x9ab4,14.659038689785003
0x6303,23.292021930821683
0x6ad7,15.484931171583007
0xc0e1,25.100465779141388
0x3ad9,29.163706195789626
0x3dbe,28.079282095987203
0xb0ab,16.921938234832144
0x3143,30.82716052103974
0x6523,15.563121235470792
0xaee4,23.812213996118174
0x49c,25.394167199050955
0x6c05,23.95267636336141
0x7fdc,14.616993801137461
0x2b1b,28.661070345605086
0x2c9f,27.31881406278751
0xb915,36.44794000558955
0xd2a9,29.77224847897999
0x2382,34.20700116541157
0xa458,15.503777276719656
0x6874,20.471297696276874
0xa056,39.66914185506394
0xcb80,18.728686739915062
0xc35e,18.342176974337338
0x3f5,19.454356229957707
0xd552,18.334796450159228
0x87bb,45.74384633072438
0x90ad,10.04794172582336
0x2516,15.292772870391422
0x6749,43.56934484828995
0x3e02,13.929437328334062
0x3bef,24.207766214240067
0x43be,23.23673698358077
0xaa73,16.281190057145896
0x37e6,29.77810378964396
0xa538,28.472090938337143
0xd50b,33.892063727851735
0xc8db,34.718545872244846
0x64be,18.70377301222373
0x4e62,25.12125797740623
0x1578,21.80910691356971
0x193c,25.029146457406206
0x76e3,17.561521540852798
0xc355,35.074080509871735
0x69ba,13.66642938807302
0x5d63,27.8840013696787
0x4232,17.1623412713737
0xd37b,26.14398775662003
0xa916,27.570008824323867
0x58a0,20.776953189791467
0xb719,27.142939395289986
0x59e6,23.909890867344604
0x3ac5,28.402790595371155
0xb580,49.4108739693471
0x5748,19.97203478978456
0xbbe9,15.415549188744537
0x6a65,17.65238789270029
0x2c41,24.69402438736466
0x8f13,36.41383554218118
0x6297,15.661466388220665
0x124b,21.88065316343499
0x4aa3,35.315540466523665
0x9be3,34.454547472169224
0x8787,23.518621596492114
0x99ab,37.11647873992233
0x95c7,22.520506359978015
0xb466,15.087499194155155
0x8f5e,25.920287874967432
0x2824,22.162662565288826
0x741c,14.828279199903482
0xa6e4,23.317365106135576
0x8f6a,14.429940815302242
0x68b7,15.125342524814153
0xd5f3,42.624035980324834
0x36d9,16.351619028839547
0x797f,26.01210061602773
0x4765,23.893719054955042
0x3c5d,47.01160784178093
0xbe01,18.088394578127932
0x20b1,16.229403629104116
0x3c0b,24.884751855571373
0x848b,24.84814514845406
0x19f1,17.43171906868838
0x33f0,20.08765322107856
0xcc4c,23.197667469580285
0xc53e,26.564579334847565
0x6365,22.929813056859302
0x6e1d,34.64420290838065
0x8f59,21.79748502338354
0xe159,35.8266183619356
0x7590,23.877582265663438
0xd3ba,22.051598929985612
0xb2df,35.21690195738001
0x9f26,14.859988668223886
0x7281,39.674018344411614
0x4e27,14.568833874299898
0x9581,16.390583610687735
0x2fc1,39.34119011612484
0xb9fe,25.9255257238209
0xb654,14.948793362046725
0x115a,16.57685996408624
0x65f,24.485596905753887
0xbec,37.44617399198287
0x3228,22.270739428432023
0xa9b0,15.847919944668865
0xa9e5,18.769699942676237
0x866d,40.127285234072474
0xb755,45.979007194641106
0x9ff2,22.738695485987865
0x942,21.76768326665087
0xb8ef,12.354325940283676
0x640,17.045783404972543
0x45a2,44.34193087978825
0x92c1,23.869304314825797
0xc82b,41.85032335776242
0x3b5a,15.12918862485553
0x22f1,24.30899371750627
0xdd4d,28.45126139782462
0xaf70,16.071486951315247
0xa5cf,19.05986980144368
0xa58a,35.192262914928754
0x77f,36.11182896569928
0x69de,22.97359220799997
0x216b,14.386920479189031
0x6424,42.31003523404149
0x28ba,35.50926253585953
0x6def,23.362391673580902
0xdbc5,32.48348858539534
0x91e5,13.313684046777372
0x4785,24.237599932412984
0xaf1,23.769023845315907
0xa0a6,23.47932753567304
0x3071,24.883348610302196
0x87fe,30.234425597983435
0xb53f,23.9272952486583
0xba72,31.985442366023538
0x9bf5,22.71530788447739
0x35cd,17.05497324686748
0xe0df,21.61905921810785
0x5406,31.152391715258975
0x322b,20.153447594792674
0x26e5,22.707777111661827
0x1219,28.577594411548976
0x7d2d,21.729257309846872
0xca0d,24.98794963327773
0xc713,21.51242536547807
0x387e,39.813422055779796
0x10de,24.24098839543638
0xdc7f,23.08308657271383
0x485,26.350641285673593
0x9c9f,22.772185729227083
0xca82,15.01938365533941
0x7e4c,17.592949241058903
0x86e4,22.794759641620363
0x2bfb,27.070368365511882
0x63c,36.022696645706894
0x606b,40.2399786549967
0x247b,17.74910170702737
0xccf0,33.95109697572611
0x1922,28.1276382949083
0xaab6,16.542962197258113
0xc88b,30.432663062761215
0x7077,23.88555510914032
0x9ae,26.112879336220413
0x8c52,14.67212047775639
0xbf68,28.96493239328061
0x6e4e,23.373844927407724
0x74ef,17.267240130602666
0x64b8,25.630459192188034
0x7c41,27.933647446345944
0xbef9,24.33925975235023
0x2203,48.56219396923132
0xe1d7,35.31368272118196
0x51c,45.916620696964614
0x9634,32.298808917729
0xbd8f,25.756045357687935
0x52c2,12.89525634269912
0xe1e3,14.694826733339267
0x5038,18.366328699090953
0x9b58,35.56103287430176
0x8c65,25.54661524204836
0x322e,44.26042981702592
0xac76,25.358220834093316
0x6665,13.713625274633308
0xbf23,26.061916062418515
0x7419,35.93611037087849
0x17c2,25.01952912746601
0x7c97,36.46891344438022
0x4ffb,14.585677648155395
0x9c97,24.40493806582399
0x2945,16.47161117658281
0xc967,28.004021818694905
0x3dee,34.16574413383692
0x3e69,19.724772844267033
0x6dc6,35.99770319738207
0x8c55,21.918092226829906
0x3613,16.30407058658511
0x7535,20.84240179490193
0x56d4,23.975772584041106
0xd370,35.75271893470327
0x8e0e,29.289872681917274
0x3981,28.058687046236027
0xd9d8,25.869699892672774
0x9053,41.23537775054375
0x4f10,18.482005401640293
0x40a4,40.344272897562966
0x923,26.79664870844464
0x93ff,16.330572681628244
0xc256,25.08748193435066
0x3127,32.95673057939339
0xbe53,23.260304625149757
0xdf7d,15.96978596783982
0x91e6,28.378170768691685
0xb535,12.926427231591102
0xc2cf,43.53623876833996
0xaf57,34.1542827152964
0xa5a7,37.1687199125325
0x2f1a,34.752591606295546
0x1901,17.31700667545257
0x448,15.539730037095723
0xc82e,26.9934678630949
0x64c1,28.316642735393053
0x9b5b,36.00319857680616
0xb208,28.183364318070645
0x1719,22.34425719550836
0x19e4,39.62637759259184
0x96b0,30.30989811409962
0xd980,32.28122083716346
0x7e69,23.610601986127303
0xd70b,25.942862571367034
0x9b7f,20.58766236615795
0x82bc,22.266051413215685
0xd449,37.96759654485217
0xad90,22.45510823996423
0xd5ca,24.17359940682755
0x86c3,21.92012500099935
0xaada,16.738871105796044
0xcb6,35.41981932466919
0xd058,36.9582055902135
0x3d95,25.130138014127823
0x632c,15.230926460012421
0x9840,18.15130051771181
0xab9f,22.56335113004895
0x1011,16.065645157803896
0x45e,20.47925825470587
0xc53a,14.876354060014876
0x3c91,39.82672765020418
0xd0ba,19.737833078930908
0xa415,21.78105896219303
0xa73f,21.24629497812361
0x7874,16.748788060452203
0x531c,36.7345930591283
0x45fe,31.657605617554477
0xb965,16.594230438240103
0x9a76,23.106963122971734
0xaf47,28.03402361463401
0x8d1f,27.92477834928295
0xb9c2,20.383372980951407
0xd76a,16.938538351832037
0xc526,26.654745966060634
0x1473,16.494706255477393
0x12e3,36.528507626987135
0x79c1,13.358261756628952
0xb2ae,28.90693508382957
0xd7af,23.69634867086013
0x8361,34.840906938161055
0x5a26,14.532181779338822
0xafb4,18.852222807772197
0x59ee,27.378808590147415
0x98cd,22.003415008121245
0x6785,34.63148909483455
0x7eac,13.608318691698946
0x45a7,17.959492791012718
0x42e4,20.177329455776547
0x9982,24.3754038421463
0x7862,36.62184039103646
0xcb46,36.84027946638034
0x4615,34.079814703620336
0x241e,39.37479503880181
0x4748,27.59854752711118
0x3505,16.997090372327346
0xd853,26.894706911850403
0x2c86,20.759235178386998
0x6865,45.30182003113728
0x86cd,29.222834545147776
0x58d5,35.18044998748776
0x9380,23.662425624065936
0xd78c,16.03959915500386
0x5871,22.946068690561006
0xdf56,44.78386221065493
0x7659,29.333222166384143
0x4283,28.272312390214818
0x5db2,26.123232537207336
0x1669,17.288290302656357
0x975d,35.34787604128398
0x4084,24.93387927793017
0x1f71,34.81369705647379
0x2f30,44.99450277872918
0x7cfe,27.386611711889117
0x8886,24.215587647391185
0x553e,21.66690929734204
0xb2eb,23.928130595682923
0x314e,20.474669900092163
0xc430,19.069729571390205
0x2c0d,26.191366318565166
0xd39b,15.20381897089614
0x3390,36.97606260889465
0xbe4f,16.689759301033977
0x3b29,14.114995011689704
0x4f5a,16.799437338832657
0x7cce,35.998910789583036
0x812a,33.84749800930472
0xb98,26.836025611128637
0xba1a,33.800036426289516
0x3d1b,28.326853561596366
0x3835,16.05026670527885
0x209e,23.67665435143321
0x7574,20.160117626414515
0xc638,19.005341143682458
0xa116,24.048667110558497
0x8984,19.744784331393788
0x7d27,40.95046603101745
0x2f9b,24.99713967015418
0x529a,23.126051521410144
0x537a,24.209923778301473
0xaba2,15.800674849828585
0x1b82,34.75988100744915
0x71f3,16.591187374132097
0x133a,17.994716501999157
0x6e34,16.560395316706497
0xd861,28.23384968670503
0x1d75,22.006487258166548
0xdc28,24.892901269556933
0x8841,28.47604341799015
0xa79c,25.736936164995985
0x141d,35.452706014314224
0xa45c,41.3966728256897
0xe155,22.762488361120422
0x443e,14.41144445587671
0xaaa2,20.22984671159275
0xb3f8,26.552306992371886
0x1881,35.379079583021415
0xe6b,26.247136342010105
0x2989,40.811892048593435
0xb0cf,16.0566524149044
0x41a5,13.218573556411306
0x1ccf,27.80065916433896
0x5f4f,24.28883264518712
0x5e91,19.62281233576995
0x6b1b,19.684922973925325
0x6233,30.068117105154396
0xa83b,33.84430364031903
0xd4bf,13.286632977488901
0xce29,24.040235655927084
0x94ba,22.98289976348144
0x5623,34.11308208570126
0x69ad,23.800675424424135
0xce63,19.563998690566855
0x9250,25.942428941741866
0xd6f9,20.523067840682216
0x975a,34.84268426743455
0xc478,20.588287731125217
0xb31d,16.301980854015373
0xe83,34.36094026359116
0x5bc6,14.774326859008081
0x396d,47.47515332963143
0x3015,17.20570415818592
0xa96f,25.571413914980223
0x1e01,16.599882837176295
0xc47f,20.37074282929157
0x5080,40.627760318791466
0xd451,25.065367467769395
0xb606,27.086698460932308
0xe12,24.921171507297295
0x3fcf,24.45419967917035
0xab5c,14.908662412623706
0xb01e,41.032493486081115
0xb9cc,35.105878358146995
0xbc9c,26.803884640498286
0x6f45,24.392968198079476
0x5d74,26.28518036218039
0x2767,25.79946880046647
0x120e,15.449520922558861
0xc078,24.1483358022381
0x5ebe,29.370439512919067
0xa1b1,23.364147162529108
0x6967,27.717523419996414
0x3880,25.879277496299974
0x3f32,16.292978149817106
0x94f,17.432876803406632
0xc966,19.64303667892983
0xcba8,22.92863942298505
0x1068,29.023883490689528
0x8fc6,19.958815277222218
0x8201,21.56527554376382
0xd094,27.341870023542686
0x177e,34.75898393240183
0x709f,22.20349138101682
0xac1c,17.854571187266615
0xb441,16.61334453011865
0x5cb1,17.978780627350915
0x3b6d,38.5846262133604
0xd07d,23.686841080472902
0xab78,22.60862019065351
0x999e,18.172904651751924
0x9a34,35.39364068227431
0xd78b,20.143485149750372
0x9e2e,28.621439933520644
0xd505,24.19655302609737
0x5a9e,13.543521322187322
0x5ac7,20.72379712939803
0xb980,17.072117127778412
0x8c15,21.958509668151382
0x9413,47.66163829574742
0x8cd1,24.27446110457567
0x5dac,35.42359412866689
0xda3a,34.8208880050697
0x1bce,34.94094490926332
0xd9ab,25.5343058054138
0x4840,35.2369138384249
0x8d3a,39.06755174426214
0x8ff,20.287533340073526
0x6b5c,17.419347223589643
0x78c8,24.335909353813598
0x4e91,22.89320678958354
0xc4cd,40.13674293078012
0x1e06,20.4514293532403
0xb8c1,37.2501169723813
0xdb91,22.323023414040254
0x6d3f,15.780051018491752
0xa2dd,29.556060935550384
0xbb94,45.794367797580115
0xb65d,23.212061198972517
0xdc6c,22.464793157044724
0xa215,18.600253714928126
0x1be1,24.35744574739717
0x79ed,23.638581921789328
0x7db3,35.12694005301651
0x4fdb,39.40611768069862
0x3e32,24.827637420165836
0x2c45,24.630353071408344
0xc4e5,29.035197972530927
0x217d,35.4763016233104
0x17e5,44.947039748047104
0x57d4,22.66909238974929
0x482d,23.630962426590298
0x9a6b,36.67293086981195
0x8d2c,19.909045720468043
0x3c8d,32.828066899838994
0x889d,13.696161025518515
0x8f02,24.36789655135605
0xcba,50.14377947319606
0x5af3,36.55829992307191
0x7c86,38.56284666019582
0x41c8,24.34565249814468
0xdc06,28.65123494258562
0x8536,32.548340797856675
0x3a97,19.173540164457194
0x8f35,40.388361000454275
0xa8f9,14.328575004608739
0x398c,21.457091318371592
0x832e,17.408843652669074
0x626f,27.399980762833252
0xcdc1,28.469743436407562
0x45cd,25.53269565654186
0x423c,23.548397239818414
0x44ef,27.946788507404847
0xb60e,14.741665947302668
0x7319,17.40956631322444
0x3cac,26.79505729252286
0xb42d,16.444209395817605
0xd8a0,42.607471043150944
0x8934,16.657011135330283
0x695f,23.94645848477845
0x317a,22.740460686236176
0x5ffb,35.855659914324804
0xe27d,38.17782079055029
0x1051,19.460035395646337
0x6190,27.208389108795384
0xcc90,27.429939110644096
0xb15f,24.975649518025982
0x3e91,25.866400931901413
0x4282,24.12503038013823
0x3d84,22.925792602264845
0x3db2,18.254083433450436
0x9b73,16.080778961215298
0xacd5,22.487698014210647
0x5a2b,16.714828244621145
0x32db,22.46639922678943
0xd17d,39.64001148080503
0x8137,23.718243510100294
0xcd1,25.85363047592577
0xd259,15.411296457952094
0x70d7,34.18174352833126
0x63c7,28.8047916438928
0x5a44,18.899543169444353
0x4d95,23.917575974264665
0x8768,26.120735907526125
0x274a,38.979873602311535
0x1316,25.074409209924976
0x5672,28.001266399465507
0x5d6,31.37914217089694
0xb33,15.03918729224459
0x6914,19.11771284886098
0xd2bb,25.384910048727992
0x73b8,38.47434862884187
0x4cb9,22.77982799547836
0x547f,23.75794790260345
0xa7da,28.224857782840967
0xb9e,41.12102286725073
0x6b82,16.72895856098349
0x34d4,38.78281093850809
0x737f,24.517938331401783
0x91c,25.713409185627583
0x33b8,24.01192331449025
0xa40b,26.24612085997266
0x3495,35.941841041758956
0x813c,34.44441402422799
0xa1d0,27.32074438513969
0xa97e,28.422200569713254
0xd006,16.390135827266054
0xbfaa,16.7127545073337
0xba1c,25.10166134029483
0x153f,23.32549793772619
0x22cc,18.29044863406415
0x2434,24.522381247005438
0x9e42,19.627867232694307
0x961c,19.085008400129137
0xd4a2,22.78591615800306
0xbcf0,17.005822925768122
0xcec,29.339366123599593
0xa03f,28.68370272285611
0x432d,24.2649779718111
0x2e05,25.634584243331766
0xd431,14.806681363793956
0x3471,19.453845927881083
0x5ed,41.04216839242838
0x9192,28.55007340022882
0x401b,27.751092636065422
0x2f56,23.58824067899398
0x5925,15.947487210094481
0x4645,21.95860520272913
0xb48a,27.816305132576527
0x50c0,40.15654574316736
0xb74c,30.84342609078735
0x7144,42.67570612971749
0x6577,17.36411051579502
0x35e1,28.397619969154217
0xd690,22.07109984183962
0x3971,23.968278869179127
0xc292,26.69512551955584
0x8966,44.264625955610846
0xd32d,15.750479411937526
0xa07e,36.01481928800462
0xaf65,37.49428483426516
0x93f6,12.669163965808062
0xb06b,23.292267735719413
0x146a,23.9732141351897
0x1441,17.606744322250393
0x2735,15.761174924278455
0xa4f9,28.913858928558078
0x1959,28.355502082764175
0x4c47,36.286666301583004
0xc5dc,21.703682797444564
0x618b,26.5177240714482
0xc4ba,16.585003643433414
0x3904,28.428951266651058
0x7eee,40.928166877930416
0x5ee0,24.131638855561437
0x2c21,40.07668317665601
0x15a4,22.158385988131386
0x5ab8,19.730783539690908
0xc739,21.949267469854075
0x94c7,18.42808865989486
0x8ab2,28.37865530175748
0x734b,20.895998689133222
0x32ac,23.73502446133041
0x5424,41.21368454701177
0x182d,16.544971263734727
0xcccc,29.55262093524543
0xa755,35.128696173729885
0x4662,24.5127561739093
0x5148,17.842272269729417
0xb46f,28.162525815122834
0x8bca,13.77697794065714
0xbf57,42.937974271827535
0x5609,27.592206874544555
0xca87,19.399858576122327
0x7327,22.649989728029194
0x1b9e,18.902950878649794
0xb28f,28.25897960835988
0xca9d,23.12070943982326
0x9ede,22.064608323865656
0x1194,43.120205182263945
0x1fe4,15.568042172274
0x6f75,36.51778748108156
0x4239,28.28014347963477
0xa40d,15.997489804171618
0x89dc,25.35405448655895
0x89d1,25.620408091201195
0xa1d7,20.59184338306932
0xcff9,17.593761305914644
0x778e,16.856668669531413
0x5e5,23.710383570388768
0x8301,28.020552760017583
0x2ffe,22.400805461439983
0x453,24.794912118903326
0x7ae,17.52202059178185
0x561b,17.979122139976713
0x54f0,22.652301634094155
0xdb80,17.30699508252529
0x7788,20.29171625326152
0xa9b5,27.391722251146557
0xa31b,22.971674033468688
0x5c13,15.975031942339655
0x15e8,29.773136109107483
0x3619,15.620270968206341
0x3df0,15.938917679870306
0xb068,21.32418191827394
0xddc,21.56690323604509
0xccbc,38.75952281757749
0x6c60,17.496465579884575
0x390e,32.35851389274605
0x46fc,37.226138181743934
0x63eb,45.35930873044257
0x6c68,32.240585154066714
0x7db9,16.550372561724444
0xbdd3,22.870160713467616
0x2fd2,25.159441001172997
0x49d4,35.14450266461339
0x78d6,21.789851581706372
0x84ef,35.046644067556926
0x1931,17.804022213287002
0x402d,32.82897029385933
0x8daa,33.43474973537555
0x40b1,16.238441675583584
0xcc8c,20.726155578778293
0x862,22.977408444346423
0x1b1d,16.969855093981895
0x8b12,23.788642701242537
0x51bd,27.636385442819805
0x9f4d,45.04762391748048
0x95e,27.42318102300467
0x19fc,45.443606452569895
0x9f7a,24.840496015805332
0x6585,32.637449063179226
0x6b85,39.66150282346294
0x9ec1,21.9664962757718
0xab4a,35.00881741667467
0xd670,34.28331556990408
0x1579,16.087058764404322
0x2c80,25.512364746219735
0x4038,26.06557239632487
0x689e,16.963040305392603
0xbab1,43.05318171682996
0xb92d,44.97699708459195
0x41f9,18.60557476140697
0x2c79,19.791665181510485
0x4998,25.085990333831425
0x60dc,23.446228261497737
0x4ca5,16.25603204850719
0x9a79,34.776899975271505
0x264b,10.17809667809433
0x4c89,26.13270258973601
0x4622,28.462528614221057
0xd1a9,37.523273817719364
0x3cd8,34.98388490970963
0x7b91,23.13665432962389
0xc6b6,19.243783298587662
0xb51e,18.90963635657362
0x6a5a,16.119613601551848
0x8154,31.596284354578323
0xc4a0,40.85465332478684
0xc756,30.382494445192354
0x883,25.84250305301745
0x5c2c,24.83953032614327
0x9f21,23.47288346569967
0xb1bf,19.99517164313398
0x70d0,22.632120145004425
0xdac1,22.09584934578938
0x85cf,29.87831680534605
0x8817,22.71614424575924
0xbd65,26.016378291024367
0x5bc1,14.752466362064169
0x7be6,23.637198779533318
0xbf00,27.446784416029676
0x7f3c,28.418999264552372
0x4b15,23.06258167691232
0x8657,22.296115179807753
0xbe0d,28.06362960902701
0x25ec,22.756798572640196
0x9766,28.58845920343839
0xbe3,23.988104361142938
0xc307,24.05359698638285
0xd56a,26.65437885129795
0x7ec6,21.84998522065202
0x6a6f,20.051050823169383
0x8e43,22.25204346501182
0x59c,31.529330106411077
0x2357,38.31151371255097
0x547b,32.38920271831754
0x8db3,24.869279160190175
0xb1b8,35.03807214511884
0x57cd,14.968280073442202
0x4f98,22.93977465781348
0x8d6b,22.767153021850874
0x29f3,22.603006840265547
0x4fd6,41.1727188729146
0x67d1,29.11495842059499
0x5e51,23.000426024453777
0x48a6,24.435380198012318
0x851b,19.781054147925953
0x92a,27.038930638951143
0x8210,19.965893867966894
0x1006,39.17661072864344
0x97b,47.75393959481925
0xa982,25.278650081911334
0x80b3,14.737287294035504
0xaa21,19.879753720224063
0x6e8a,13.877600893891223
0xa05,34.04696033440232
0x42ef,37.33433702293239
0x78cf,35.80646688621212
0x7c39,26.488382744163047
0x2fa3,44.63090930543557
0x1be0,21.764046115583657
0x36ae,28.489382999344095
0x3bd2,13.029861964637691
0x1890,39.31575566531012
0x22fe,25.65055782572953
0x883c,25.445365975029507
0x625,28.17601872980706
0x1779,36.48733603692122
0x3881,21.059555105553613
0xab5b,16.689147531951594
0x22c4,23.053368265459742
0x5abb,36.499154559731394
0x4771,35.90897359771123
0x1d83,21.109120254840345
0xbef4,21.33001354338272
0x892b,25.923373926681666
0xb013,29.19921098035901
0xd76b,33.02369767547139
0x1545,24.865014412427
0x8528,16.59806866087425
0x36b0,26.077417540162667
0x3d33,27.81955524693437
0xd03f,14.99801898595053
0xca0,19.022701836611795
0x11f0,42.354286692722695
0xdb6c,27.358822387483613
0xc7c6,24.50910664298864
0x53e2,22.247085573634624
0x93b1,23.588586866171372
0x7246,18.889231088742303
0xd385,15.314145950445475
0x4f17,24.200927086226553
0x1460,26.448430680446165
0xa030,13.522576609928048
0x7040,22.771322716704475
0x2524,34.30912379325602
0x5ba2,29.90375596629825
0xb94e,19.232946062133234
0x2057,46.00583695721562
0xad61,16.57971486351277
0x7c69,34.40134081752648
0xb5ba,39.894474914098055
0x9c50,36.663112688260156
0x7fdf,29.204237568937092
0x34fc,36.13883286179162
0xbdd6,19.175803532797307
0xa105,15.79563653349825
0x58d8,24.02941299112031
0x6876,17.21634030934596
0x652e,13.006240755386846
0x8d9e,19.1538609805193
0x4fe,26.850010961987184
0x5039,28.525976265728026
0x1cb8,17.102129197146756
0xd859,49.0743302925548
0xe065,24.470761924330994
0x39f6,22.66974676722057
0x9111,16.71568810995036
0xb476,19.157022198917275
0x522e,33.08202812234106
0x55e,25.627096086946874
0xba19,34.88626283049428
0x7d8d,24.11902562880147
0xda8f,36.783141644842
0x60fd,16.569515138758305
0x7310,18.955048803800636
0x855c,15.379103941102578
0xb8e8,29.539468704474444
0x3fad,26.119414962001677
0xe117,15.071276821160419
0x7e07,34.737544603496026
0x170c,43.03388188264913
0xa862,42.3837205459197
0x1d5a,33.857867179276674
0xafcd,35.59804861937919
0x4862,27.780224511427818
0xe27b,36.17437279992827
0x4621,25.534298626305794
0x2a80,14.2419736883221
0x3905,35.699606634767754
0x7dc5,22.605230297473536
0x3e71,32.14868242863295
0x7e47,34.04726520208949
0x9cbc,36.23572786195483
0x8a73,17.732534124397606
0xcf17,19.960445772799634
0x8ca4,42.326026101855675
0x3cfb,17.0715982646121
0xcc7a,23.62843857247646
0x749c,24.431797183191645
0x4686,29.30685019541148
0x2c68,36.02572465498152
0xd2a2,34.29763945516937
0x2db4,14.968594756391935
0x9bb7,13.868449775071571
0x4a70,16.279055395554618
0xb066,17.849501479606783
0x4574,35.738902750412635
0x4475,34.10954384780165
0x335f,31.4440711473279
0x5619,24.19845408048229
0x7eab,21.63940115726077
0xe1b5,14.946758121135113
0xa9fd,14.782837413038667
0xd73c,15.5861567451603
0x7f81,17.085317734132904
0x6684,24.259451139632443
0xcd27,21.112865941731187
0x9760,17.378937378875463
0x52d4,15.138638945124423
0x3f74,23.855912094853444
0x576,25.751487743422427
0x1688,16.853361847958418
0x4178,28.38702602865753
0x2a05,22.12504147460333
0xcaae,18.626228927071914
0x49e0,42.1881759652755
0x5fc,23.194384461923107
0xdaee,15.839432175425149
0x4520,17.146263304002545
0x8b6c,17.338172399084822
0x1827,24.53133512200203
0x8e21,17.84912193856394
0x41d7,24.704617535909648
0x75b0,29.544161892767768
0x8129,24.009850916168315
0x2f61,19.66323910283788
0x9424,34.3411823233118
0x89a6,24.515563324986452
0x5771,25.088748547923327
0xb909,19.4338095728002
0xbd35,22.748866975430865
0xabd0,16.174132350134965
0xbf7c,23.097698580459213
0x1964,35.151538106118736
0x693f,44.08503308429858
0xcfa3,25.23599913154704
0xc6c0,49.363411630560755
0x2a5c,32.51271303445151
0x21b3,23.2290341957267
0x7c76,19.850456311199434
0x143f,14.150231533833823
0x61e,34.725653391213385
0x2eba,19.66261332405109
0xad92,29.00397145307658
0x445d,31.019981854383058
0x9d4a,36.32811492422163
0xd271,24.217256593528838
0x70a1,22.430569932765458
0x5523,28.396556867562776
0xa9a1,46.511433587006984
0x36b4,40.743229414201714
0xcd04,23.66737823813767
0xcc91,16.15786518936967
0x219d,26.459121202905642
0x1b70,33.886685101228174
0x14ec,46.601900738209565
0x3f76,17.632427809781966
0x4a4e,25.709450928229824
0x5ce3,28.17626141115522
0xc2c3,23.369202787805204
0x28e5,15.69587365201974
0x7fd6,17.19266028609742
0x9183,17.942119358327112
0xb973,25.23187548960963
0x8d20,47.60370706180766
0x25d6,23.722454715091327
0xcfe9,19.78224781098341
0x3081,35.297301329928466
0x76b3,49.774945910955175
0x9d5e,28.510943990334088
0x7c17,30.307447335985692
0xc3c5,28.369967169185788
0xb1ff,27.963044458284184
0x883e,25.794613976527685
0x8e9f,29.24928130130568
0x3c49,25.737855228904138
0xada9,20.266126827236683
0x767f,14.324251811648635
0xdb04,21.2456647565679
0x33ec,48.21380240050423
0x9cd9,22.37866784148868
0x4f35,23.007697517810207
0x2cf4,25.448575030213483
0xc7c8,36.325977548630895
0x202c,21.23102753649522
0xc196,17.784364380410075
0xb059,34.635855337315874
0x7257,23.60564313658081
0xd27d,28.038980911912148
0x4191,25.098882015184127
0xdc1a,16.77877772310395
0x2777,26.572914239984076
0x5154,35.02642002244818
0xb587,36.585238048923806
0x7642,14.258038603575061
0x893c,44.961928842064324
0xbd27,27.62833365314959
0x9bee,22.57542213374755
0x6a15,21.083333977938345
0x4ab1,38.927755839918454
0xdb1,15.16452997416537
0x804c,39.45686873385319
0xa1f8,17.68785476915642
0xbcfe,22.280708603442545
0xa3d9,28.366729022881234
0x9235,23.872881996636647
0x5483,27.12165625482396
0x29c9,36.04266771830916
0x820c,28.59424125649034
0x9d69,46.3651038456792
0x8f80,21.99158546615914
0x6184,26.901986404213723
0x7a7,34.70676604989852
0x1886,26.05710323295687
0x7e0f,28.034762797745234
0x620c,32.511277110358925
0x1643,24.16343157046083
0xd0a6,35.809442335718465
0xaf12,13.393901252174665
0x59d,54.828248634608094
0x8a79,23.72104419077587
0x7acf,22.850451035274823
0xc6ac,21.028520470038206
0x831d,29.008399206309075
0x207b,32.49662691184349
0x4319,22.690184135717775
0x3af6,18.60532845150123
0x624c,24.084513377989182
0x3dea,29.41235067521039
0xde9d,36.69964911684468
0x1862,23.31607883358398
0xc63d,21.963612495416637
0x98bb,22.833865188176134
0x9b8,35.30047007338663
0x6243,26.369811269869256
0xa0b4,23.57878605247096
0xe1c8,23.81598161654651
0x9dfc,15.082559676276466
0x4bac,35.60654831565924
0xb8ee,24.315814175295497
0xc9ce,36.722276696911315
0x824e,17.51724872195746
0x75c7,22.676352336560804
0x4f54,35.502392675076415
0xd855,22.62070327181216
0xa416,15.935098751334293
0x4bdd,23.452268346817892
0x9969,27.463415843175458
0xbd79,16.45952828799363
0x658,34.37476975168697
0x28a9,22.40332514718009
0x51e7,22.27848478389733
0xb6c5,18.346210483909896
0xae36,40.20357744495422
0x531d,24.117750100228648
0x1aaa,19.349098995236183
0x297b,25.001978127342188
0x7bb0,25.945965056645978
0x649e,24.057417169784344
0x1cc9,17.52373546071373
0x2a5e,41.57059019213206
0x83aa,23.93064539844676
0x5dcc,32.94356063195633
0x77ba,20.362058433178042
0x6dd4,17.240458462079467
0xe88,25.612564862146414
0x597b,42.522488164952954
0x4bb3,24.60284518093454
0xa9cd,14.417423824421805
0x4e3f,46.03328670804909
0x2740,35.40866972573054
0x4fd0,15.76143274901552
0x1ca6,21.58849395860587
0x9e64,23.464040271622032
0xd8bc,19.50556822057629
0x6060,21.505727891086263
0x816e,23.154077643302397
0x59b8,28.008148623840103
0xcab7,23.32217536933656
0x38ed,23.38783530401215
0x57f0,24.342682524644097
0xbbc5,12.7070947758052
0x231e,20.44054248537802
0x970,27.242608296521478
0xb168,23.195881336145337
0x7ba8,28.14623513988319
0xe226,14.959525853390968
0xce92,24.25354486934973
0x6fb8,39.99218260012249
0xa499,24.068427425227547
0x169a,21.67578308032708
0xa4c3,24.646485234220737
0xcd8e,14.846931025152967
0x46cb,28.561634566244507
0xb394,29.30885874070655
0x6cf7,17.378177866985993
0xd87e,23.77130349786081
0xac41,14.379462734471977
0x4897,40.23579024723696
0xb37d,17.59145657732163
0xaef8,20.68004406749043
0x3477,25.04007467900267
0x41a9,21.94434043687085
0x65e8,32.8189823440301
0x8c03,25.377662546113505
0x5167,18.9768983873598
0xa92c,24.570397912725532
0x676e,35.32571271612259
0x9a9b,29.695486873653962
0x606,24.089576640619075
0xd389,19.949230043193992
0xb780,28.701441148378912
0x5e1e,24.388807722704723
0xda8,15.11424516382119
0x8a38,35.98049470735867
0x2f53,44.62867496880545
0x46e5,16.245453705348062
0x8aff,42.376619726970176
0x2cdc,17.263795501407568
0xa1fb,36.180910751415034
0x6caa,34.53270083845946
0x1a77,38.08645419889368
0xc561,27.6782773031082
0xb2fd,27.024364091844088
0xaf4a,32.450398324310235
0x3711,29.68245140166068
0xcf26,18.98567605143123
0xafc5,23.003006073225514
0x4400,38.990644964938355
0x634e,33.29003012151464
0xd565,17.105059275061464
0xde93,12.620519714839325
0x9ebd,42.11787768557603
0x29a2,21.84125847083705
0x2eda,14.358731181963735
0x9e65,18.718243745491264
0x4df6,18.79475726533467
0xe060,24.230250984205068
0x2f63,22.792591964261383
0x788,14.85913539034217
0xbcba,33.039045344980195
0x83d,31.596412698373026
0x5f8a,46.523159506991405
0x3e54,16.317856310403887
0x283b,28.238446344760558
0x6137,38.177291054258916
0x855,40.72684879771564
0xcffb,22.327942381879282
0x17d2,18.680617799645283
0xb655,40.976854258058545
0x649b,24.74492353236471
0x2ea8,30.111878913928706
0x7ae7,22.50946087902071
0x6eae,21.177819221460346
0xb7df,9.935110736644553
0xc2d4,23.77698010797192
0x3e9c,34.69284003187664
0x27f5,35.645019720482665
0x95ff,38.82327870490221
0x1fa9,25.01372715967782
0xd5fe,28.406035107104945
0xbf71,23.19649508127008
0xa43f,39.887414345771745
0xb33a,36.83569254817663
0xca18,15.272691290554347
0x674d,19.947733257609997
0x7045,39.90933344238751
0x8d8e,14.404333718379787
0x67ba,36.521901156032946
0xa5d3,14.93726608130124
0x9a08,38.82322025404217
0xc52a,14.112775274482177
0x1241,30.379622811335985
0xe095,20.587019178646212
0xd999,25.349689164378304
0xe81,46.582776335007644
0x8c89,17.977190386739107
0xcae9,20.244718320883415
0x239c,26.03674365271619
0x4aa5,25.727043845434242
0xcf20,24.71140417851367
0xb14e,19.71218535295013
0x671,16.297958362324202
0x5b0f,13.770302510963832
0x5896,30.372483560536665
0x1077,21.55227294930458
0x2368,32.283396508219546
0xba8d,21.76095867650961
0x4fbe,42.77075643956402
0x41d1,34.18350194585709
0xc5b3,27.016246820862076
0xad34,36.33325916246021
0x25d7,14.680807298578674
0xc6fc,23.65721529117351
0xb3db,15.494116822886332
0x220f,29.652554343331236
0xa64b,25.03843208283091
0xd42a,19.596795707131356
0x482a,23.015635894399082
0xb20c,19.893395852160534
0x7b28,23.55976505730074
0x7a5d,45.42686356175191
0x1061,18.74296832230946
0x91ec,37.13958671493606
0x77f8,24.466248090755784
0x9e9a,28.001576630915373
0x9f0a,24.264466080111443
0x6280,14.822354646903701
0x72de,24.647742246783302
0x2a77,20.377355392620096
0x5f2c,17.363379827570007
0x1ebe,20.788434028709712
0x9117,14.371745382118869
0x26ce,22.332287982174655
0x8a52,36.22460917208502
0x97f7,32.6626591167922
0xac47,12.053758309180896
0x87eb,20.095308954450264
0x3732,22.01421294661484
0x86c5,20.655292953194635
0xa7ab,38.02656926869465
0xb669,35.882399618950416
0x196e,22.24458928811628
0x1e14,29.580624072181802
0xda00,19.998569137428838
0xda58,28.879398297315404
0xdcd1,22.644432151955947
0xc94,22.713440255842073
0x5db,44.2060333168786
0x1342,19.320129549889796
0x523a,23.845775555071803
0x6ee,27.524912920274076
0x4625,38.202466709828194
0x52b2,27.800781966484195
0x9a1,22.90510853495445
0x375c,17.373670344240534
0x1bff,12.928008995695453
0x110f,35.76858196080222
0xd37,30.32394245162795
0x928e,22.07180518662069
0x1156,22.395237845937427
0x212c,27.564834947719973
0x5143,15.822241979977909
0x4c86,13.419852089971803
0x9f86,15.37610574189012
0xda1c,23.639245156144614
0x992c,21.892732866866588
0x710e,47.2054584541599
0xdda8,27.833483395166706
0x7b9c,25.784285502651045
0xd3bd,26.064932823413773
0x2a13,36.11095110449531
0x6ba0,24.924073064105784
0x9ec4,18.793725262739983
0x3b4e,24.84307507967621
0x399b,19.895644222471187
0x97dd,22.687472941174722
0xde41,23.80596217051138
0x475b,15.946800745799054
0x206f,24.05257721255808
0x4752,25.01515578265144
0x2074,12.669509335452293
0xc86e,25.104551292440846
0x6b91,14.641327115642088
0x2cb8,15.691229637128437
0xbed4,24.487393968420783
0x80c1,28.94946355826054
0xac34,36.653879753089086
0x7ea2,23.54980557423875
0x5256,18.58321482167349
0x8ad9,22.724292728354758
0x8123,25.258534512240086
0x6485,24.214646974161916
0x350d,25.914034953189656
0x9f74,35.79120936562019
0x578a,30.650724730039745
0xc653,25.764644643923123
0x7c53,16.419619356676098
0xb163,28.72799298160215
0x8cf0,12.728466278731583
0x83c,24.579406320744802
0x2f3a,24.010536188554024
0xc2d1,19.27956625861181
0x1b5a,18.06869553634419
0x2141,39.52155295261371
0x1eea,16.89740978395295
0x235e,28.806736556018507
0x4091,18.75809530672129
0x11be,36.543905077951734
0x648b,22.73204506467544
0x248f,21.622606147573023
0x43a4,34.88434153247497
0x82bd,23.773237792392834
0x66d5,30.128289160497232
0x31c6,16.25156217341542
0xd05,34.61578360208163
0xc625,35.520979225700216
0x35a1,22.73660607750084
0x9538,24.12431854487467
0x7a64,23.216431003019576
0x35a4,25.524418129314153
0xbdbb,27.999581804849473
0xb64e,33.38262460054725
0xcec5,35.14345850019845
0xccab,26.02059907909326
0xad9b,13.5463754425972
0x795e,15.654793303666818
0x7ec0,33.725600181491565
0x9e87,25.176155905401707
0xde85,24.745309632471496
0x5a87,45.762865899982835
0x9e1f,17.790444009045423
0x7832,30.279850259846935
0x1514,45.18795853113995
0xb775,27.48600713812865
0x7864,40.04611011198248
0x805f,38.83865429437744
0xb279,39.706892061953354
0x4ea8,23.896294998319252
0x989,23.546725369959315
0xa1a4,15.551334197633144
0x82d0,27.352854308947013
0x6012,16.37768115602632
0xd9b0,38.18616597696799
0xaf7e,33.517176033518425
0x2d97,20.177743341304346
0x96da,15.325882019097923
0xd161,16.68527393413927
0xa71,22.743557341248916
0x3aaf,25.448732746844065
0x5c73,24.456948053421836
0x9548,44.57417538944831
0x1603,16.1820088010175
0x1932,20.734293065383312
0x2f72,33.63965655674992
0xd0d2,39.578064048538224
0x9c0,40.00048870447416
0x6c5,23.6212075781259
0x7c08,15.338127115940003
0xcea9,18.46066765660229
0xbb04,25.022186567178164
0x77f3,26.98124291169566
0x641d,19.52950248181373
0x93e5,40.234451579024466
0x3882,35.37269532733354
0x3d18,23.97713914286589
0xb90c,24.643633853741083
0xc825,38.834530343200186
0x6904,23.868475480385996
0x7167,22.402613568911438
0x51f7,39.54324734752771
0x6b5f,41.08795834426678
0xaf66,26.296391285103212
0x9838,36.8780895192577
0x45a4,14.060678325313747
0xdfb7,32.59665578231861
0x6b8a,25.264669243815383
0xb342,19.296425244175133
0x4b09,28.609242735349557
0xca89,16.121590951927843
0x3f35,25.708774780147255
0x2934,21.68016125011735
0xd4a4,21.718739472720856
0x625b,38.16344532522724
0x920,36.55802930688406
0x1d8c,25.180896309379786
0x561c,34.75936345318933
0x5041,33.33464943287605
0x1b34,35.78118490329814
0xc9f3,38.95273314680271
0xcf1d,24.90598033432565
0x8013,34.180839498806506
0x28b5,28.135672759599128
0x8bda,36.56680052423571
0x1f37,28.002863536512297
0x71ac,13.306216642009453
0x39a7,24.923517782592093
0x775a,25.219140076482116
0x9aa,24.383323026987025
0xd482,38.285875416244316
0x4de2,16.41159141245522
0x9f9,23.715680179564888
0x4cda,23.731692649902175
0x267d,25.01374290525567
0x5981,22.258608402838064
0xb2ff,15.162044868960407
0x4a43,20.089786567182276
0x43d8,40.99369248572165
0x8767,15.023425996528644
0xb687,21.754974724746592
0x4d5c,14.611364595463098
0xdce7,27.288658228488096
0xcb54,43.8164151001443
0x97ed,34.61492555815276
0x9b95,23.124164218432906
0xb89a,22.498706737657706
0x9dc5,29.115270364906664
0x44fa,36.520969014112076
0x33af,24.712749329166236
0x5430,45.32388518516763
0x5e57,21.616055841167153
0x8389,18.571504509885653
0x6a51,24.801091942821724
0xc2f,35.85907141463804
0x47bc,14.53239610629182
0xc10e,26.33665221791088
0xc282,33.34289084639503
0x20d9,26.053000760824013
0x6b77,18.929703723842195
0x5477,24.15633649766232
0xb45d,22.16113834784452
0x5f00,40.269322209159306
0x8078,22.697801810500476
0x824f,28.207277104876646
0xaf1e,14.252190985057474
0x1cc3,25.955328975682576
0xd613,23.945797800961103
0xb961,37.72265032989639
0xc1d4,17.231226427874926
0xab30,27.57840186855724
0x6f5c,27.28425221860751
0x762e,22.75486004341848
0x2c85,13.060706740746744
0x27b2,22.629737838637507
0x3a95,24.045579647290612
0xc29c,52.79754387792177
0xc6d4,23.292711948269233
0xd15f,19.173477810755074
0x1947,26.427580790144063
0x570,27.292684411099916
0xa50f,10.969085351530232
0x5ac,33.77269148461889
0xb351,19.02260175788203
0xbb85,24.796795349548116
0x18c4,32.95138562429106
0x2fae,36.37853228563452
0x2fed,19.87865253150645
0x3bfc,16.049182492101522
0x8d04,35.18874926884334
0x66b0,16.308931337142685
0x8518,21.330047097301787
0xa1e4,28.88260058355073
0xb6ce,29.728964317572235
0x9094,45.41372887614011
0x3192,36.82514296848456
0x86f9,22.67795152432392
0x8f71,25.84337158083157
0xc83c,17.676349854951816
0x5b30,30.572828060352382
0x1c79,27.599599232847776
0x8e2a,28.312415180421855
0xb3e,37.16833332682796
0x4b18,17.681086007928887
0xe190,26.138109418107614
0x779c,22.26086714274951
0xf86,10.27221714925366
0x7a88,15.593746558354821
0xd8d6,35.51036340678992
0x7730,25.77349760597807
0x5342,25.364240898266136
0x9f91,21.506352801603967
0x928d,35.15829914382476
0x680d,36.2938088406488
0x6be5,43.44185141880669
0xd182,35.58915975657667
0xb907,21.54929115589643
0x9a9d,33.236664558139836
0xd26d,21.003912652487497
0x3328,40.25460622041955
0x1105,26.772470025675258
0xb365,19.490903530145182
0xea4,16.755859693815275
0xb03,30.08804482900908
0x53b0,15.14660856436321
0x3ff,21.60286452479905
0x5c7e,24.76887199476061
0x5a2e,19.365688373870235
0x5b2e,22.050617359570442
0xa87e,38.482507356127634
0x37b3,15.494590195454625
0xd912,36.75191283317328
0xac88,22.107935274944158
0xde3b,40.4425398427403
0x631e,24.124266863652625
0x1b20,37.59877051706974
0x506c,15.39601465608204
0x291f,36.21564169720538
0x9588,29.270002112417373
0x7543,27.176680401096984
0x1c30,21.33396075263052
0x1d12,39.50005043638736
0x1584,24.38640788075823
0x8b23,39.149009682606305
0xbe1b,19.765874472617007
0x520d,18.934918447816496
0x794f,23.896462825342798
0x406f,23.547052348962783
0x1c08,36.13541644759727
0x5311,42.456871482815735
0xdd80,20.022101696520043
0x9920,39.86635351987597
0x166a,19.000497455434875
0x9d0,18.88760644408235
0x4d4a,20.30288631380757
0x2a3a,21.67923228355003
0xb280,25.912802341878802
0x2a09,41.83871765842739
0x5988,12.726421707270607
0x6669,27.238749759137797
0x881b,23.489326526044508
0x37db,25.162510781662522
0xb01a,19.969836729703985
0x7ad6,21.86556169890933
0x2d90,40.09961175986519
0xaa63,15.994326532729174
0xcea,23.13579849999646
0xced7,27.1114179394629
0x294f,20.718939694051866
0x9ca6,44.53280904316641
0xb455,32.178835448205646
0x68de,22.613994798649927
0xb17,26.517201887053265
0xa70c,27.831425715034516
0x76d4,25.41507209791874
0x15e4,23.852055549407577
0x92bd,22.27328223330959
0xd707,15.255846845903935
0x6322,17.07846336875922
0x8aec,18.424180019218166
0x471c,17.4291271552519
0x652a,23.965417197258205
0x74ac,24.21172037596372
0x5a06,14.871545107077086
0xcbbd,26.467845368694853
0x9bc5,14.85979876992545
0x9734,43.78817886977322
0xb8f5,14.883438133181661
0xccb4,41.333207771170486
0xce1a,15.681936438147035
0x763a,38.576469606846295
0x4541,25.003660247176672
0x5521,34.19268150200892
0x19f3,19.08665014048738
0x139c,14.462689531267747
0x20bc,15.384633635042702
0xb802,25.245566255601425
0x3faa,17.110126154612423
0xe014,23.770828575459642
0x2184,21.906503313591486
0x13ac,23.49323943245699
0x8257,44.69551852418909
0x9da8,23.144906011392195
0xd6a9,17.85694415461188
0x3dd1,22.649110742314658
0xb42e,16.54290898696386
0xcf9c,16.40234814587269
0x6748,27.479353600805847
0x5d5a,34.015389240251224
0xc46,25.53823711535489
0x921f,23.499455103703607
0x4299,18.229327840849066
0xd480,21.703662903989105
0x2c00,23.862295460586797
0xb3e1,21.364278481262886
0xd4d9,22.374106034551623
0xb52f,28.25114065063664
0xc407,19.279744983683674
0x2f36,26.60677978789938
0x29c2,22.399517268460766
0xa2d0,34.07348597329275
0x51d,33.790123765242136
0xa06a,18.326968002672473
0x6773,14.453305293943986
0x83f9,19.863384599912976
0x92c,25.776763053314006
0xd313,35.96748267225319
0xbeed,27.828557078618097
0x497c,23.594068004942862
0xb93c,23.899637608080734
0xd40d,27.92523787716623
0x8853,35.120502961387864
0xb8ab,17.667121598162566
0x3605,28.73957213474111
0xa47d,25.371236225333693
0x250a,20.265521411835728
0x5550,15.222461416643974
0x5769,15.630081510173916
0xb77e,25.16433442246064
0xb9aa,23.769049264932725
0xdcba,24.67703703554051
0x2ebb,15.442692152831295
0x8097,37.83898389952143
0x594c,37.1537859866743
0x841,20.111982082378127
0xe0b4,24.14935924982484
0x5624,24.18884730975018
0xa08a,35.111307580259826
0x8d98,14.370396390363034
0x10f8,23.693898292000977
0xc1dc,19.01619694128624
0x8eef,16.121899292267987
0x5602,40.40399585468175
0xcfa4,32.82138645903498
0x6c92,28.021431077024637
0x2211,19.37766366907612
0x5389,24.16912915150497
0x9221,35.46397270897356
0x2f5e,23.847863263827705
0xc537,21.515349789316677
0x4eb1,24.66547927370979
0x2b63,24.349176213461288
0x71ae,23.02728402580992
0x819c,16.10158897660402
0x3eac,21.8500106782324
0xaeff,16.55119555976347
0x6dad,23.440422279362114
0xa190,16.396082560537383
0x72c5,41.7496919982932
0xb534,36.642417755635094
0xaf62,15.910111757866394
0x982b,48.540951468585924
0x9204,22.56914708373783
0xd700,36.31060844218277
0x7eae,18.47060481276566
0xd629,35.638490111143035
0x7dbf,17.231905383436867
0xcddc,14.718521070151805
0x7a90,19.972906881575607
0x2b39,28.83816596178909
0x8efb,22.32488229404288
0x9aaa,16.079437934830047
0x1d20,16.30760212884986
0x3a4a,21.724297096015462
0x2183,17.289099811037662
0x237a,35.917782989726966
0x21a9,26.983340033457694
0xc9b1,19.419724890493555
0x20c4,42.125301311716136
0x7335,27.186896608815005
0xb305,21.36613557339229
0xaf8f,19.743695431906374
0xda27,23.373611388593176
0xbfc0,26.36997666538258
0xc4f9,35.70780525169559
0xa86e,22.96013465880125
0x3c3f,25.17955818225175
0x8c21,41.727011487119135
0xcd54,28.059350765700696
0xa139,23.503379024971743
0x1f9c,42.77926466296023
0x60b2,28.708244723220478
0x794a,35.657027462462615
0x285a,25.256669800381484
0x8cfd,17.443159575586204
0x6ee7,21.267459021958096
0xa33d,15.662914499943351
0xccea,25.310118137544013
0x613b,27.93495191740715
0x7be5,25.177966358740886
0x96a5,25.74568089621728
0xa57f,23.340037299083896
0x152b,25.07624403406122
0x5365,38.60929053365629
0x2233,24.195404243475622
0x36d5,24.563124190576946
0x3ce9,22.539880893718994
0xc3bf,16.509246608661925
0x5d03,28.55197832530448
0xa5e5,34.963404246319755
0xc527,22.88377002484592
0xd3ef,28.329701155966674
0x9ab2,32.9635302561417
0xa7c9,16.95668608772142
0x492,38.749932504905026
0x518c,16.56449151147768
0xa344,21.79546400438733
0x8a97,21.75201816802806
0xa9bf,16.379598577398284
0xa368,20.516365258939558
0x53e,18.61174524672232
0x3928,17.305645952928757
0xa7d5,23.163237324320278
0x4dd5,21.4051370609276
0x8f09,33.98646876947659
0xa103,36.82814555594174
0xa436,44.65082460758126
0x5410,44.357325415215506
0x3050,17.10928377682381
0x388e,15.7780108028807
0x5cdf,14.353381715478228
0x5590,36.842715219282965
0x21ed,26.35199915463793
0x7163,16.668587578985527
0x7e62,19.52494501830484
0xa565,13.03702376459641
0x54a3,16.50826571696664
0x4afe,13.522185384639407
0x21d9,24.146088104853376
0x57d9,29.216417866093625
0x62cc,36.94497112694266
0xc6ae,28.362398901693883
0x8e36,23.82285056119489
0x523c,32.48314897390186
0x3ddc,24.72639422238943
0xa3b4,28.424844873295672
0x8f19,45.33329019620204
0xa80f,29.25185337698328
0x9b9a,33.81349216769933
0xa6eb,43.458736676707105
0x41f4,17.234708057401118
0x3107,19.107419906166665
0x739c,19.174466478269945
0x24fb,15.522779704562462
0xa417,45.09440528594411
0xcad2,14.55386040568683
0x304c,29.01764471483332
0x6f8b,45.226234118493096
0xe1e5,37.24830657514465
0x713c,27.873715596673353
0x8e5,17.65675242786863
0x4ea2,24.312663737864785
0xab41,40.48354564013049
0x2df5,13.51968674572412
0x9721,41.58384261093042
0x9e9e,23.417426733500644
0x26f7,34.7185584770055
0x100a,35.539256513233454
0xc26c,15.958384022627959
0x2f60,25.067565467432313
0x5452,22.012007011336284
0xd731,24.80378253227379
0xa4be,17.43933503025585
0xa624,16.062334491171146
0xc3a5,38.37606949921008
0xa179,23.140450688598573
0x6dbc,27.704607572513407
0x74a4,29.974625132022002
0x8704,16.517847866202416
0x8444,22.28468419534853
0x9b78,33.79897423574124
0x57cf,39.08427920260776
0xd360,25.388007048435075
0x32a3,18.13727502082494
0xde60,25.902982920512724
0x47e6,24.540646568356653
0xb2a8,39.57966489200662
0x2214,32.63049222599536
0x496b,25.726063989926804
0x5349,24.077785515023265
0x791c,17.077298307572494
0xcf7f,15.76803571359197
0x6f51,25.119140428125196
0xa6e1,26.916105325207628
0x8327,29.238090865018933
0xb86f,16.441418045772362
0x1596,23.155109251858306
0xbdef,36.536396489386775
0x7264,38.563129116935286
0x89bc,22.468444101215276
0x2aaa,28.667013845912034
0xdf82,22.508928687250357
0x6b59,40.05407249312599
0x64a4,13.964949649981241
0x3506,22.852709888693248
0xc73f,38.267603043929604
0x8436,17.44779339457272
0x71ea,15.85008753637773
0x23cd,36.05366041162685
0x6073,35.728592666862724
0x665a,15.414123284613911
0x365e,39.74574398270498
0xb9e5,19.85039423725857
0x6aca,22.21114564793339
0x7b12,44.50030284588046
0x6ecb,21.711741201267973
0xbfc9,34.85569571416891
0x8d38,23.902736053433085
0x8951,12.996943187044991
0x4e00,25.099719083945814
0x1fd8,43.42479085965967
0xb25a,35.04016169615755
0xd98a,34.201924969774765
0xd1d2,15.840691287096341
0x2b76,21.971037662440974
0x410d,35.53790576951459
0x3c51,23.278231448496115
0xa10f,37.34010609430873
0x3dbb,19.37856295609863
0x266b,32.53219215051608
0x982f,17.02222049632093
0x22a9,36.093648286301004
0xca7,26.71522652785233
0x7671,25.565874406168362
0xe229,36.24391659918902
0xd8b,15.459372267233036
0x96c,26.53500133115966
0xc935,19.309413594560333
0x1dbc,23.909754600354397
0x1a17,17.812690052758587
0xca38,22.632258326607637
0x9621,44.534909341150296
0x8bc8,28.825295086903225
0x8e71,24.157804423711465
0x5dba,17.417456141260004
0x67ff,22.257668904128362
0x94fb,39.45916952283294
0x55e1,22.24293388101675
0xbef3,19.03857759983904
0x7dfc,27.901622631141333
0xa835,23.882338035990642
0xd949,26.888267965369934
0x301b,19.7428561203457
0xa6d6,27.97928858486723
0x3f68,26.97936113629142
0x3161,19.62484380704217
0x5c71,40.20532107182939
0x8155,27.54634460442698
0xd30,36.457661332208474
0x3de0,15.000493694811531
0x48dc,25.393959802482208
0x58ad,23.932048310490107
0x74d5,24.35452552650943
0xcf92,22.338116858100648
0xa814,39.28930561480013
0x158a,16.07417363231597
0x5304,25.729103906000173
0x37bc,24.33660313564894
0x7c2e,49.349843454225606
0x93f7,25.514273933587283
0xb046,17.554547415851218
0x48c4,13.38634737638261
0x3eec,24.715019076799887
0x2f48,22.14167290810987
0x3e3e,28.054443827299743
0xe197,24.604329069014106
0xb668,26.09415367171989
0xa6b5,35.51087182069043
0xc4ef,23.929654478325713
0xafaf,39.9307863461814
0x14de,36.213926831838485
0xcf88,26.967298999355304
0xb87b,33.77176303986601
0xe04f,16.375460156003612
0xbf26,20.983860016579786
0xa617,24.53209666003165
0x4a1c,18.058003047304563
0x1eda,18.003400358650726
0x359e,19.875312099128532
0xbdb0,17.161161615880474
0xdb42,29.497393567528125
0x1bc0,25.00397569492636
0x42c7,26.549201287178075
0x9a38,15.988430846285564
0xc882,22.787247168923567
0xb66e,13.757163128461636
0x8b91,23.80641655482467
0x9448,15.152800367672636
0x5045,24.348954732260413
0x74ec,26.19263901197092
0xc704,27.13368014489288
0xd4b,26.180719504876542
0xdc5,29.97095155673992
0xb03f,28.32513284052834
0x272b,24.478271772434425
0xcb53,16.99596223703766
0x38c9,25.235443480759237
0x6cef,21.575621305049133
0x4ffa,29.583926829497894
0x63f3,23.18536680268924
0x4b84,40.04220824158608
0x85c7,14.679859182359952
0x9e46,23.515722618832466
0x537f,27.48756281094399
0x74ff,18.213426344171864
0xa30f,24.26060818968546
0xb988,18.18629232406372
0x322f,20.59488453686176
0xb817,18.946373008146562
0xca6e,28.902063692264914
0x687d,22.57508230671771
0x6db9,25.32187417917243
0x23ad,21.497159198355774
0x8b41,23.92564485345118
0x8dda,17.969747835217706
0xdf9,23.092238368199983
0xd7b9,40.39948624886969
0x9c4d,29.94742331275238
0xdf15,14.672725002101247
0x2e7b,25.107926681732373
0x56ca,21.906708775520563
0xddfe,24.94354925860913
0x49bf,21.445334289302888
0x1915,34.432660618666205
0x35b8,20.008547066857744
0xd31d,27.840143755126324
0x62ad,25.494528299634634
0x26fe,26.238270956871556
0x1386,27.17702955920677
0x8d1d,38.227439804944986
0xb1b9,28.361206165292803
0xb860,36.34764478883692
0xac35,23.402690077752034
0x44e3,25.5941890742717
0x5950,23.280329917401733
0x16bb,17.529546079388332
0x223a,24.752992543816628
0xac3b,40.64772323206087
0x7fe1,18.365764243973686
0x991f,14.726860005999619
0xdc94,35.678401603892155
0x2684,14.144768369822543
0x4980,22.843326461762512
0xd3b4,22.44043963917501
0xcb13,28.79378326785239
0x598e,36.334951273360794
0x1836,22.601412118219205
0x7105,34.255167589203765
0x248a,24.11474268913183
0xc6c7,24.998360775782913
0x7380,36.18929297823757
0x52e6,21.90040381404682
0x3b66,13.675640499328606
0xc665,23.104282170828878
0x973,29.45117766565738
0x623b,30.0663924371155
0x8a7f,16.637623167903136
0x8c38,36.27875641618493
0x8fd5,27.869138513738655
0xbe3c,22.52513643168767
0xd08a,15.103664756202088
0xd24f,28.86089020431438
0x9952,16.954855182049837
0x3c95,28.900366726960026
0x663b,19.59631163434817
0x1c9e,20.150833258085505
0xd974,28.03889673081748
0xf4d,16.636078225027862
0xc869,24.057611565281118
0xcac7,19.993846590115176
0xc39,20.633300443503384
0xd1a7,40.04000164095822
0x5f2f,28.988579781711614
0xc2ab,28.201786533893475
0x2f89,22.45202229950368
0xcc1a,25.710793687455816
0x19fe,33.225189800350535
0x12ab,24.033985953868378
0xc32,20.509010982630954
0x679e,16.29592371015048
0x184a,23.37169719288434
0x9086,38.66774100864827
0x2cd8,33.61227084211843
0xb08b,36.848989302032045
0x9349,21.60428639513932
0xc244,29.0958039686447
0x725f,23.647175421967944
0x4d0,22.958247879680314
0x521,23.80684473984045
0x660c,37.104634802188784
0x32f8,24.2050202765712
0x732f,25.25619658227319
0x1b31,24.35291252868714
0x972f,26.62888736174409
0x388b,32.48654819528478
0x6f8c,19.39303709673799
0x144a,15.704772235658703
0x70e5,34.5111850082384
0x5842,35.28796139145433
0xd455,25.068016863393524
0x608b,40.19178102616323
0x3518,41.05033091141083
0xa3ab,20.10309647259457
0x6fa9,28.681653036212865
0xc2fe,24.30548983043425
0x1612,24.450432064657644
0x7120,24.967536486886384
0x3c08,18.663176723926952
0x7aa1,19.950023330545754
0x2baf,28.161625229535414
0x6de2,38.64265915635809
0x5a88,14.68554292377021
0xb1b6,22.766992689986253
0x3c7f,23.977014827547762
0xa585,16.863026200151864
0xd3c4,21.11785910678087
0xc2b,24.80921190842964
0x3552,23.175973577675972
0x22b0,23.18198410671463
0xd623,14.60615526146042
0x9175,34.31163671310462
0x9b2a,37.32886852129541
0xa3b3,38.997401723938104
0xda08,18.01922120476192
0xbc1a,14.624237988992089
0x959f,27.386568421980527
0x6e52,18.97048649756585
0xf36,21.65194309698029
0xcbcf,25.249974077011213
0x8412,21.44749716135589
0x5737,39.11134766277472
0xa087,29.180484803958105
0x8a9b,20.008823585165636
0x50a9,41.77479053223064
0x1857,22.22972060333236
0x4e54,34.1732209944955
0xe259,24.871821129937405
0x402f,35.38973885401089
0x5aea,23.986690955051852
0x43b,25.881011641377413
0xdec7,39.554127333458844
0xa032,14.639591431501627
0xbed,16.605221280426615
0x9d87,24.641348699534678
0xb4e2,18.190935073210458
0x9cd6,34.45053314729311
0x41f8,40.04351071083599
0x91f7,34.467633338278205
0x7955,36.364404458322134
0x4d78,19.32227446010828
0xda25,36.269483108767766
0xbda3,10.752514420766563
0xace1,28.36708562678014
0xcc99,18.132790843314122
0x1c68,21.95650201279213
0x5f87,28.646877943259277
0x2639,16.355453205956103
0x9eb8,20.565528570250024
0xd6f0,12.937496820461616
0xcb6c,14.117135474339836
0xd58a,19.24874107346007
0xca0f,25.205155310146996
0xbd75,19.01711451360833
0xb647,15.576011082074151
0xdf30,16.409064323575063
0xb478,22.13690937521322
0x61b4,45.9443947613184
0x845c,18.242344295031856
0x1447,23.588964845092512
0x5011,25.090938745906488
0x955c,20.31569822918292
0x33e6,19.115764278990135
0x4050,14.82950658640564
0x1b30,24.811458784655258
0x7be9,23.33872322662855
0x968d,24.867326818002837
0x12f5,20.84493243974513
0x3943,22.20898913500867
0x7b7b,22.307100361824887
0xae13,17.64351026202248
0xc2aa,28.922421994195286
0xcfdc,22.335645936677903
0xe218,19.93885583739403
0x6bb,16.09288624858796
0x340c,23.192823778241287
0x6a32,35.68206207182093
0x6a89,36.237751531400484
0x497f,19.217744621810905
0x5380,18.512438613582397
0x4cdf,10.387935695553143
0xcf5f,23.46146926234732
0x830b,34.66542925722114
0xa029,16.51003116277548
0xaf19,17.023965755626836
0xd60e,16.961504122747996
0x7755,35.14806267527411
0x259a,24.143589971169323
0xb9af,25.566736949480234
0xc95e,39.26373041768687
0xbecc,26.358829218933074
0x4707,25.440996255371555
0x375e,22.83080134239606
0xb5e8,33.084290980281466
0x9e62,23.50381243777812
0x5119,25.262644792128295
0x637f,20.24934850728903
0x4183,29.721217323323796
0x4d9d,21.58897722229523
0x7002,41.390125401601296
0x7017,13.129836186155021
0x802e,41.00024060472502
0x1756,21.952278205842088
0xd211,37.9115016097929
0x9bf6,26.161383524536994
0xae35,20.020145696033705
0x44f1,45.01496595857195
0x3c63,35.14544217163955
0x2461,27.041074199498656
0x1c9c,24.74158918971555
0x42ed,33.98845552831824
0xbb98,25.80068729636071
0x89a8,19.27632852139356
0x5847,22.62420673509934
0x5a99,23.535932746022198
0x6fa2,39.31894628160486
0x5e15,23.01751049351668
0x84d3,24.767766194888573
0x8b8f,26.146620973142355
0xa990,27.71552225304562
0x2fce,17.319874656892235
0x643f,20.680170116641765
0x9798,42.2355725053891
0x88be,23.31233331618982
0x7493,29.920139578660272
0x54db,32.45986526203908
0x9156,20.253136661617727
0xc77b,15.767999021699318
0xce23,22.3785165842146
0xc805,15.169612012952227
0x3ecf,17.300265622303264
0x5030,35.31371280256666
0x5693,15.01176155720694
0xb54a,46.90429870475908
0xd016,22.23072526925629
0x6d2,27.285315628312244
0x7a01,13.153541372583996
0xdf0e,24.805232433473435
0xbeb2,18.95096721061995
0x2532,26.17694406977563
0xa238,15.428451240144158
0x1543,25.17294221451192
0x31dc,25.45841049240817
0xb2a5,26.756984556818846
0x9fb,28.455940066869424
0x8529,16.075956554726336
0x363f,27.61038043218916
0xaa18,28.040743832638505
0x9270,28.19545237336851
0xc3a4,25.113275600973438
0xa73b,17.50012757420578
0x6b3a,27.881423105441588
0xba38,15.212695419488455
0x1524,40.409140891447905
0x80a8,23.688651678006035
0x4f5b,23.515638598595448
0x855d,25.813928679739426
0x4304,37.01365386158306
0x9e98,25.90379634367203
0x894f,28.054009036454115
0x564c,27.82903860892653
0x8ce9,16.10361810505356
0x5162,25.687106295873594
0x4e84,16.357377943553693
0x3fe1,14.122048460479784
0xb759,23.686844287421284
0x6dbf,28.248146365606484
0x7360,23.68917850681397
0x58e6,23.034160303978645
0x2ab1,27.759015679133018
0x429e,16.549988249021396
0x6b3d,25.199671563521218
0x17c1,21.866488624883683
0x23f1,43.64782922269446
0x7a80,24.703253487914687
0xe0d0,36.2939507700279
0xdd19,34.510116618247366
0xa9f1,17.64209261978458
0xdcbc,27.800450436568354
0x50c7,39.7068378167777
0x6ca,34.197741624296626
0x54c6,35.502863994270584
0x923c,24.91678377667334
0x6ad,25.99615054169032
0x28e0,35.15688240476792
0xac5a,20.890879923975778
0x9dc3,27.55717292699637
0x8c1b,21.591041158598884
0x372d,25.058253287864456
0xd7d9,25.882144035536697
0xd206,21.60802673707477
0xbca2,24.014172982020664
0xd2d,29.762658744119562
0xd696,27.520828252733438
0x2ef4,25.063175188924536
0xcdc5,11.194516696964088
0x7977,36.07190472710687
0x2e91,17.312530326936944
0x2a22,24.47318961030567
0xb50c,45.40539441229656
0xbc42,24.664773566149638
0x5eba,14.292296259316448
0xdf99,14.183920831201785
0x2f94,23.998003450804323
0x43b2,16.285325934332725
0x802a,33.76674566594511
0x4d7b,35.641232806123554
0x5e08,27.424451132151106
0x610a,41.08988154314166
0x6c23,25.28171922647859
0x7526,16.7263187714842
0xd5e7,15.346855740954087
0x3f28,35.14953529686274
0xa647,18.406353438375124
0xbd3e,35.237500754211844
0x79ab,13.635658947232633
0x5fd1,18.56873370857234
0x3a4e,21.633870878220367
0xaacb,28.772489867326886
0x1ce7,22.004003086523657
0x8a96,22.966929448976074
0x2ee0,28.371808703934946
0x2c1e,21.774729425466237
0x681f,35.72461158454845
0x3d7d,15.688098962922398
0x6034,21.93991129813859
0x3b05,28.154996454233157
0xdc9,28.42235122265891
0x8e33,26.17997738570232
0x3d78,16.559083244852182
0xc49c,24.05687220597931
0x3ed5,31.54890074821933
0x9f5,23.712819056324665
0x35b0,21.224289571609077
0x734c,27.946756922894654
0xb406,16.275800459193217
0x474f,36.42880247072863
0xceec,27.83109339925662
0x8acf,19.798452981679766
0xd8d2,26.02518212854725
0xb33f,21.69200773591657
0x13cc,12.979274241709144
0x79ea,15.266673346362984
0xc8da,25.308322561553677
0xa2e6,27.457743286760138
0xa986,13.40932389453509
0xd25c,28.27107867710404
0x7ffa,13.682008380025861
0x798d,15.281997049932759
0x4539,22.169932786435634
0x9f6c,17.58863146139184
0x71a7,20.73699997748741
0x5320,27.851366892208752
0x11d6,23.772635535991757
0x181e,36.76338281010027
0x8816,14.012666857595645
0xb2c6,27.710805112383806
0x7178,25.444036298068976
0xdd2e,25.410521818460964
0x612e,18.636405574615818
0x60e5,15.510677566077277
0x9d6d,20.273671481687376
0x4145,34.562124235191
0x974b,47.38069240588299
0xe112,22.423616511213357
0x2ec1,27.228002007956803
0x7efa,24.119046978305626
0xb6dc,14.90289551244254
0xd735,23.942763476515186
0x2c75,20.68045607353164
0x97d,15.81824652562366
0xde06,25.14625442711705
0xaca7,18.02837053504525
0x409,26.397592274837617
0x554f,34.13650540809998
0x3abc,23.73506023665082
0x9b01,28.17855222213467
0x1859,15.902014756082425
0x3ccd,32.33224820108942
0x41a0,21.9815190168716
0x9f6,27.5065208066701
0x4b48,27.4300633439162
0x6e6e,24.943157958759034
0x5afe,24.262811861773866
0x6407,23.47639898286046
0x2bd1,23.1106520407863
0xb665,16.187934075714075
0x3be3,35.32209557571548
0x57df,21.750020845724727
0x25c6,17.494894473057403
0x184d,28.093994766147656
0x28ae,24.639725797745445
0xc267,35.42688265103581
0x7b95,36.57079958087895
0xba2f,14.738977078838817
0x6817,13.809818771857307
0xb4bf,24.945929664648396
0x3792,38.1612075509016
0x3c02,24.000743196369683
0xd44c,35.37832972143676
0xbe54,37.14429338886246
0x55e9,23.716821831806556
0xb933,31.06704095635212
0xc9b,29.949583882942225
0xdd1c,34.485922914251766
0xaef3,22.97533819060368
0x3a13,39.338430002095244
0x5c81,19.631641805572
0xc87,15.554590507579668
0x1b96,16.74254302860004
0xdc37,23.977346264446805
0x82fb,19.042694210583328
0x77b2,21.182091738586948
0x4714,23.44338296417109
0xd5ec,17.249954611617085
0xaafd,17.212546459339393
0x8513,27.05607549861671
0x2b28,20.796620842592777
0x1d1e,40.30117936400313
0x1b8c,26.84685757193001
0x4d7,27.222660138328155
0x650,22.13387732611628
0x2a4f,38.908765874954355
0x5404,23.10266828590469
0xa6f5,22.42833114521294
0xa39e,29.606034121324875
0xd3ee,16.442917132481053
0xdd49,28.95796571971534
0x371c,22.004499067347275
0x835d,17.944689889119196
0xd5ed,29.837340997260537
0xbc01,23.99014183995657
0xa08d,29.081959738960908
0x413,26.32973189379495
0x8a48,15.626010758737323
0xdffe,14.706446456247804
0xbbcb,35.18865669764081
0x3f60,24.1438183201516
0x7f1,39.552936767794684
0x56bb,24.587891154939115
0x846c,23.12001390762768
0x44ce,21.57431167170325
0x2b81,24.30435914989779
0x631f,24.67182112822995
0x3282,18.29528136036034
0x1df7,39.478004609306666
0x5bc4,20.074060696612705
0x520,32.08061016079327
0xb119,15.150204505572269
0xca1,15.698092034233538
0x4f03,26.05031960218164
0x5af7,11.60001430229953
0x6545,19.590803221500046
0x5c3a,16.76809420203294
0xbb1a,20.001241112216704
0x463e,36.44219049894189
0x38b5,36.79079855067716
0xe0f7,15.637416438947074
0x78fa,29.45901012963952
0x4582,25.486908431820858
0x16f8,22.105286733214033
0x4eb7,24.932390322766082
0x58c6,35.561928387500174
0x4fef,44.97691384721453
0x1a26,22.465869567731854
0x26b6,40.5659317942523
0x1e50,22.75622230482207
0xc5c4,12.895925793894113
0xc1b3,23.07029634926309
0x7df9,19.728906273323908
0x4c2d,18.66168407556387
0xb5f6,23.61223793233903
0x3837,19.016202470616495
0x727,27.484808306330446
0x94a8,23.1191836693031
0x50fc,21.47868147216505
0xb6e2,24.27033399398393
0x231a,45.838400531629716
0xb6a1,24.609933463586696
0x998,21.30402659333994
0x7d3c,22.832381881122586
0xc55f,27.706833430714223
0xca13,24.34481075633991
0xa42a,32.21657316921469
0x8bf1,28.82371936628095
0x626,28.384596448791907
0xaef5,39.50704904149295
0x3f12,25.161924991865256
0x7152,33.823279715610546
0x594e,24.791516087152694
0xb22e,27.371989544544522
0x35c6,34.58683215278432
0x6d10,21.819756147991367
0x4bde,23.99103455922814
0x2e33,18.897730420651172
0xce03,23.525930866093532
0x919f,26.226614402630513
0x4a46,23.605784634304825
0x4d8d,35.50817984105587
0x137c,20.11000281385503
0xc416,29.686282101669864
0xef4,19.46859292692919
0x1852,26.041216113398946
0x44ac,34.990753400886405
0x3942,16.577212904909608
0xa2b8,29.215619711989795
0xa504,27.054955676401356
0x5220,27.09580202456299
0xe8d,18.175513700700854
0xc007,22.58161645509811
0x98f2,19.52842999818435
0xb0d2,37.538196111137424
0x2614,28.0285087041489
0xb306,23.71901948570459
0x9cec,27.951452737530687
0xa8c3,36.56113125165057
0xa587,24.504744170529094
0x9265,23.201184760355314
0x9ba0,34.400548335845464
0xcc0,35.65534163978203
0xbcce,23.304301311585398
0x775d,17.04634283523543
0x11b2,32.118031444511765
0xa69f,28.212190802782853
0xc23a,27.225717259036642
0x9146,13.44248198312754
0x6346,14.743899052418513
0xbca6,28.357219781749357
0x4238,28.737307052833916
0xa2bb,22.125949814956808
0xf83,16.2346579528487
0x6db5,14.274226195557768
0x9414,34.54605640097803
0x5836,41.47786617170075
0x89b,24.579127261220783
0x9f71,17.30126828685172
0x54c5,25.356225348804525
0xd78,25.917771046788612
0x8335,36.943494997202315
0xda35,23.760261640293834
0xb602,23.283738583871717
0x7f16,19.67002403774983
0x82c2,27.797526539031974
0xa9ca,35.672970007564984
0xc4e4,21.45807322790583
0x68d9,25.30039175309443
0x6188,25.409498938873984
0x9d66,38.35547401810485
0x95a4,32.89605415955948
0x8bd3,19.68042700999768
0xab95,26.38367092565114
0xb945,19.23413336550873
0x95cc,15.62586231701842
0x9d43,15.919554805260159
0x6884,18.326259316398474
0xc35d,22.15512042206228
0xbdee,22.075666847004964
0x3afc,22.103086838360966
0x5d28,22.19774369590687
0x1690,27.55892125772196
0xa94b,20.83095341191339
0x947f,24.411391187725872
0xc461,15.403709807615305
0x1fee,36.57197523549735
0xb979,35.481598743231814
0xa656,35.04349109181294
0x9ba4,25.03005915037725
0x734,28.19772445835943
0x9ffb,35.79566528708633
0xa56f,14.83159892653863
0x2833,29.78710013341783
0x23c8,15.173584523042711
0x551e,18.952259334989083
0xbe70,21.92090416580878
0x988d,22.77438351163712
0x4be0,40.053020876609374
0x2b49,17.366574523666365
0x882f,17.30124653454572
0x87e0,25.076881886412604
0xa7ff,39.48567851283841
0x4c60,14.697024479994111
0x91c4,29.75464610912397
0x2d95,35.442432525541705
0xcd16,32.020941319665155
0xa8e1,23.01946003521523
0x239a,28.356436743757737
0x406c,36.598872794961615
0x30b6,30.146313205660555
0xda38,19.424374087833655
0x652,38.73913096862433
0x4b2e,16.4694327959396
0x14bc,30.811043982484193
0xd038,24.69664858189285
0x4437,22.9508575272731
0x7429,14.551125352020426
0xca46,36.4268512118791
0x5620,18.189445879428337
0xdacb,24.48297799958699
0xb630,39.464674908049034
0x7a92,23.160138150922958
0x4ed0,18.91805229339243
0x6731,19.421391947129425
0xc9ba,30.82655357819963
0xcaf7,23.857349400615288
0xaf67,21.582183900232906
0x520f,22.770574624675174
0x8615,22.912890023498235
0x10f1,34.12761093855862
0x7bd4,24.960499581414044
0xc076,16.444471402481526
0x4709,16.87885645189438
0xbfb3,37.20083722284113
0x9d42,35.57371231128778
0xd024,16.154866643931513
0xe089,22.4081718833356
0xb8da,28.08731343999944
0x7d7c,34.83344550781782
0x9d54,41.768987725166355
0x26a4,24.68748522409486
0xb430,39.915160273671944
0x95d7,14.242236680220634
0x2758,13.658477163347651
0x28a7,24.636136670215297
0xdc7e,19.64580049631407
0x559c,18.949852810190897
0xcb38,15.812117212420857
0x40bb,38.76339200371601
0x453b,23.41815991329777
0xa960,27.635753811013824
0xb097,24.314182477284685
0x5b38,23.928845077019027
0xd0c4,28.42153331690572
0x57ad,18.133694642423368
0xb3ab,28.401149482287764
0x7bfe,47.08243578896912
0x51df,23.289494510507307
0x89db,19.150586990755258
0x9848,24.362814833706913
0xc7fa,21.388406077376203
0x3d09,14.110841633073965
0xd9a1,28.33297723335366
0x20e3,23.14840674197184
0xb164,12.914022978255794
0x5414,39.316993781048694
0x244f,27.012122950404095
0x79c,28.241405023300565
0x905b,34.38729612588022
0x8863,22.05353038755435
0x1133,22.697045189425022
0x9ce0,32.120175907613906
0xcacb,27.289148345584035
0x612,17.547450522508985
0xdaba,37.637023575588785
0x5abd,27.56404124812024
0x246f,16.762998981158265
0xabd9,22.8031159777754
0xc73d,44.93077377847375
0x5d3a,16.386713148978412
0x2237,32.61795524200459
0x4996,23.0859442647794
0x84e9,22.346448551379872
0x1799,35.43489968584174
0xcd31,22.2722884453787
0x45ef,13.399541294964735
0xded1,26.164773196735243
0x964e,21.450661453458235
0x88a,28.740862224532943
0x7394,21.46866615900879
0x8e59,19.56100025440398
0x5d6f,15.604075979689574
0x839a,26.829041203769872
0x45fa,15.802679488491572
0xa4ab,14.216249162703454
0xaac,26.49988999327382
0x365d,14.18599707048462
0x8829,39.231217560783435
0x8fc8,23.44366555978972
0xba77,28.113195601391944
0xafd9,22.534224214406805
0x575b,18.575618307104556
0x5e5c,46.17877896783398
0x2c96,27.541189350856683
0x5227,29.630134115154537
0x7b68,18.112193718555595
0x332d,14.337027944691823
0x694c,21.95138881996814
0xb015,22.018236775884787
0xbb7b,25.617897849307763
0x6859,17.955144721269615
0x6182,26.838539728364175
0xa035,25.93932675246038
0x7c2,37.66544558263677
0x3a91,23.260638109900565
0x701,30.5535316174432
0x5ec8,23.46588241674991
0x6816,29.1128019626101
0xe101,19.002910023020757
0x3809,15.531383448654902
0x4d99,36.21935124971876
0x1721,23.09876583924827
0xb570,19.705698911519512
0xa281,28.230339502774598
0xc54d,22.055648435198407
0x3f9b,19.34868983936117
0xa220,26.833937054838
0x19cc,24.604812868492495
0x6ebc,28.109476797484742
0x6944,35.61619493550339
0x29ca,29.304829289044925
0x65aa,34.51411591109606
0xc203,32.951976939393134
0xaa0c,21.779504877122726
0xcfea,25.126364184724306
0x5583,34.24010148634481
0xb5df,36.097266234255976
0x2b53,25.96858108173882
0x8c99,24.15317203251596
0xb49,16.139002101628435
0x13b1,24.740411160526705
0x8396,29.854228909026467
0xc94c,32.95313028611158
0xbd6c,33.22422993672949
0xd2e6,38.65029921685807
0x1782,17.021535291510162
0x7b9a,27.791667975160966
0x2335,34.282197807120475
0x95da,40.09128816588277
0x114c,26.54544853431761
0x433e,28.409277005036916
0x3669,39.16267612483879
0x1a0b,27.907511645016804
0x9276,34.30968167800293
0x4f86,26.247260153761715
0x7c04,28.31502796551233
0x921,20.239600446737057
0x5d72,22.664565771455063
0xa41f,24.918997604311667
0xdf65,17.075314502680364
0x1686,35.074806432292746
0xcebb,26.52677079272029
0x65dd,26.155636027682743
0x7a9d,16.28694847005554
0xcbbc,29.12878153431539
0x33c2,14.58900846158518
0x8989,24.8666781489507
0x328e,35.24606473474725
0xad09,19.868283512301502
0x5078,16.01259385290294
0xb8b2,29.2588845843956
0x793d,26.030150743480576
0x1daa,15.048803316396308
0x6641,24.31346178489662
0x405d,28.931506541042822
0x5dbc,16.55293753344706
0xaec6,27.94149282486883
0xa9d,23.858023188039347
0x79f,16.218551746278948
0x98e,15.258555948547256
0xca2d,19.077839289270518
0x3fb8,28.103635434664934
0x751,41.4056320106962
0xd175,35.36588130220266
0x7036,14.828178763876595
0x8b0e,26.619579047244848
0xb88a,37.33065028512911
0x2039,25.85359408761807
0xde17,22.06850383312907
0x24b6,24.87637125333974
0x1743,33.90451773885006
0x54b5,15.418004135688824
0xa52e,23.66180492734138
0xb9b1,41.13644449194397
0x9d27,37.75202338731547
0xa788,33.201702247186844
0x8143,18.83409633924003
0x6f3,26.583518936644065
0x8cfb,10.140001122140426
0x9dbf,29.59960622613212
0xb289,36.182806086272656
0x91c1,17.04093008428352
0xd46,25.23839844316019
0x2503,37.02910413327286
0x4147,31.97619599055489
0xae10,34.86435295228548
0x55a5,15.87807638964749
0x9808,24.360021186575754
0x462e,17.12197838514603
0xd5d4,27.65272980702025
0x9ed3,35.75552028637839
0x2ba5,25.795974439764997
0x73f3,29.15980684708142
0xc8f0,29.538791329828893
0x2259,14.842036264369895
0x941b,17.857214163097233
0x15a1,23.03416505018821
0x82ba,14.931346806242829
0xc4da,32.81157349129191
0x5b4b,20.707000416808974
0x89bb,16.666102091412537
0x7207,25.510523702445987
0x34d5,35.76717754707873
0x7c96,25.429538740345617
0x5593,29.834951750882183
0xe191,24.015374298678072
0x3c05,22.75700145070375
0x861f,34.69757654270686
0x4ade,24.04162059525617
0x62b3,28.814395380678967
0x69a3,14.777020395707178
0x2cd3,24.29232987896891
0x9d2d,39.03907753847985
0x871b,25.16386843073093
0xc781,26.76090717318038
0x443a,24.882514194388204
0x911a,27.462206785584296
0x29f6,24.916960211255606
0x97c1,19.10172553531258
0x295f,49.06884904658573
0xc845,21.66276867881596
0x60b3,16.93069045479669
0x88e8,22.492568891586224
0x4a53,18.778508855585734
0x921a,35.191543284256525
0xb598,26.98597850941818
0xaaf6,23.452560727103663
0x9479,16.305402822265464
0xc0b9,25.590315732207532
0xbd32,18.373005503930663
0x5326,22.90972365945135
0x8868,36.611521988343604
0x7f0a,16.718192435507124
0x6454,22.307293681587
0x46e,29.828362084994808
0x5399,24.926798552156725
0x5ac0,35.355449982981646
0x4d23,24.127369509813448
0x4d9,26.29423923730984
0x47de,14.69023439808164
0xbab0,30.23297876228702
0x9392,30.64984063353918
0xbc9a,41.15844955515359
0x52be,22.363213596653353
0x7af7,41.48287998592256
0x9fa2,24.922403886660366
0xe024,20.253224473068524
0x7b0d,38.7325566184751
0xc7e0,35.22629340442857
0x39da,18.979433408156293
0x2b97,35.97452613496275
0x3a09,26.3116258741509
0x44ad,30.296395600521784
0xd93d,22.5484780813468
0x3e0d,22.94289078003282
0xb795,36.49828007885962
0x7498,27.023075538711822
0xb43b,36.31422650174136
0xc31c,53.80654578585514
0x9b35,23.960043074112008
0xb30c,32.70607674692858
0x753d,19.82743486601674
0xced2,23.997338313588507
0x4aad,15.615035532732696
0xa48e,32.887950344789274
0x6296,27.746121483176506
0x70f6,24.651214696496336
0x60a8,23.395513124830007
0x8adc,29.717745871266665
0x4602,23.497475386791812
0x2d94,23.009097980224105
0x2182,27.600723507086407
0x9295,18.980654737777005
0x2bce,21.56413981204166
0x88fe,24.413286616389716
0x7b36,27.978813310398383
0xac81,24.25770548301979
0x30ff,25.133466184724387
0x5305,30.081306844222183
0x8990,17.664322122454763
0x67da,21.63040971729668
0xd49f,22.470349857924695
0x76f9,37.11826888871887
0xd4c4,16.26336562080671
0xd392,22.846811252561363
0x7016,35.956736718808386
0xdd51,42.69267728014108
0xc59d,22.807141988272047
0x3d4f,27.435538703535833
0xcb3a,35.39751411400418
0x856c,48.16088898163727
0x3dc7,23.7201602841167
0x94ca,26.329952282006367
0x3681,21.561880420839564
0xc1d0,41.81755717853623
0xd0d0,26.548531956402265
0x77b1,25.251323277690194
0x1504,41.79616122757381
0x2fcd,47.81459688670508
0x9b84,20.036536452064983
0xb789,22.097431307608783
0x3b15,39.504394969251045
0x3b70,28.561050732477295
0xa850,19.719596006437047
0x7f31,17.42647131547021
0x88d,39.39638437564272
0xcb73,16.986465031126567
0x2821,25.42825035488186
0x4787,36.43038111608764
0xdd5a,13.239111001145199
0x7ec8,27.447866133721195
0x71a6,27.17645417174803
0xb7a3,19.25137968158856
0x84de,13.92464215758524
0x88da,48.48270120755451
0x648e,44.34554311616134
0xd376,22.043061265903514
0x3e8,40.101248502866554
0x7d8c,13.819466527174148
0x3148,14.1263030507508
0xa6be,28.434134424029818
0x7996,29.410533939259228
0xc7e3,22.755381807297475
0x4e4d,38.60205327608848
0xdd32,20.47206555487636
0x5848,21.2208431793822
0x9e9b,39.9901857681318
0xd3fb,40.89860799385375
0xa2c4,16.22877946305163
0x7070,38.2057298815208
0x6ca4,19.41232623965988
0x7322,12.505339382386296
0xaf5c,23.38746622996973
0x39f9,45.00714358059662
0xa28f,19.707860823628696
0x64c8,13.390113714293312
0x9615,13.651693247106431
0xa641,34.743155057001665
0x93d1,39.39242386029833
0x1385,30.12193177239221
0x5374,13.815555741617755
0x75f6,25.020115914648347
0xc437,29.168983849664716
0x3d71,24.70166813365558
0x580,18.10858377782095
0xcf8e,14.949081637095606
0x4434,25.505437525861982
0xc308,22.49492868651058
0x37b2,30.115854918728424
0x58bd,22.482108635997147
0x2571,22.531591084190605
0xd45e,24.136818285546784
0x4331,28.55646081377067
0xcc3d,14.284411148339299
0x42ee,23.093835475871067
0x974e,23.18954588149653
0xb60d,37.147514566648134
0x445f,26.234441070194052
0x35c9,21.418075712165184
0x2671,15.742369869910684
0xcedf,42.98368887040107
0xd263,35.482585170095525
0x884b,27.570863039283456
0x4051,29.475680916479085
0x3e9e,34.83939719626558
0x69fe,34.096496815155845
0x1737,25.516807389460862
0xbb5e,35.496180720869006
0x2ec0,18.277452291861284
0x7782,37.43729260237733
0x2f1b,16.57677266225206
0x5dec,17.891338431858205
0x1e85,32.53429828009684
0x5a2f,22.285993738076005
0x7a7d,41.18643986569288
0x3d5b,36.286457704901586
0xd9c3,38.73002725033451
0xc583,23.02575632874669
0x721,27.97673853566898
0xacc0,14.479671562301816
0xb5d4,15.914721023483843
0x251b,22.676349517590456
0xd0d8,26.765026381253477
0x974f,21.595078151520365
0x271e,25.20627727810291
0xd9f,21.227198496135813
0xd571,18.75925847848085
0x52da,18.852969175243544
0x3b11,25.05730309549205
0x7d72,11.152406759146084
0x3ec7,17.482541888024524
0xbd33,27.742352600351904
0x2e62,17.119901695834795
0xfc7,19.058940588409875
0x9188,21.58494662521192
0x6470,32.94192510396808
0x21fd,34.833847510617346
0x872a,33.484397992547734
0x19f0,36.4186119708681
0x1b9d,16.77288133091748
0x3744,36.8284585417637
0x5540,30.743451834455115
0x6583,24.1684246270431
0x44f8,25.082912897540467
0x90d0,20.668846884163486
0x4d9e,28.411484507696127
0x81c7,21.34300368461123
0xd6ea,22.952844032578668
0xd4cc,23.041316007442653
0x6a8d,20.183291646622724
0x3f36,38.72362040028673
0xde42,37.63936594278858
0xd257,23.89274293636028
0xaec9,23.533192830076807
0xbc23,27.034506276574387
0x242c,22.80520419268976
0xd212,19.194207308915335
0x53eb,22.819316578585546
0xcd23,23.60025326630595
0xc06d,25.363316777454827
0x41b8,40.22087078985136
0x830e,29.858702178359657
0xb5e2,19.197654503605285
0x1522,25.900711354521263
0xaaae,47.36149177511851
0x6b4f,22.90337940053627
0x154b,28.088798459815266
0xd89,28.96600587327108
0x4fda,33.02320894947771
0xde49,34.92045361751492
0xa33e,35.563198847486284
0xb0ba,28.57181461209688
0x593b,25.751138930315225
0xdca7,14.739152749555176
0x89a7,23.095012161251603
0x792a,13.669254171519638
0x197b,16.83309241967175
0x8497,34.040009661479864
0xc4c7,19.292759552615
0x3d41,24.33564705909393
0xdd38,13.256811617023162
0xcb88,16.263570604860348
0xc472,46.39532002027376
0xe0b9,29.934069500794962
0x9627,27.283835003480824
0xb818,24.20057979215612
0x2576,17.33451166237991
0xbc16,28.126360516074275
0x2d33,29.166858588019473
0x72ac,15.16517284031381
0x6035,14.596015009320713
0x3e7e,19.053301289145026
0xd95c,29.256529049087586
0x94ef,34.95694374448024
0xdbb3,34.97489746963368
0x1823,11.141260910483178
0x4540,38.68849502477153
0x354a,25.221211536389465
0x60fe,29.659606497318794
0x8a84,15.534241326383547
0xd9e9,23.396527460093193
0xd023,26.871883768362466
0x7c0c,21.144093878334125
0x9a55,19.12976692248638
0xb326,36.78471263245565
0x50b8,35.094015441663885
0x7924,24.400297627901793
0x5d7d,23.286717975101475
0x935e,40.2341851891841
0xba5f,37.04961621621457
0x48ae,14.730084668858265
0x590a,16.920181380372988
0x59b3,27.3062574336856
0x7f13,41.17794316602742
0x603d,21.97974020561138
0x82a7,16.107504040285566
0xe04a,21.415207032860856
0xaeb9,34.407178188014896
0xb801,17.135046164380938
0xcad0,25.021467383221434
0xc70c,32.80554873094127
0x6c69,25.7430727043252
0x15d7,30.19983672736465
0x4601,24.549571991315872
0xc43f,16.37941776840289
0xbe19,15.299100598050833
0x7e8,34.27621147351366
0xd877,16.71118482336572
0x60d7,17.82022306255706
0x5ce6,22.572363020077027
0x75a5,27.54714550108147
0x3e0e,21.970930566038508
0x3d5d,12.997087449433707
0x85e5,22.452816399507714
0xe3f,25.965182945949923
0x96b2,42.04443570541028
0x46a,21.024388050331357
0xd514,35.0954392378441
0xd14a,14.559493656212513
0xd502,39.18755377677866
0xca2f,25.51264108329438
0x11fd,27.543527726470288
0x644c,22.838565644148886
0x6aee,15.253923269767897
0x7521,23.4281654920956
0x8176,30.327518140588246
0x12eb,23.79847150101491
0xf9d,19.589931074524145
0x5bef,21.440415640356488
0x5f48,25.207835379278666
0x9846,31.950978160869525
0x8dcb,24.94276962168419
0x32df,38.84878809194764
0x43ac,14.957467751587709
0x6ae2,45.12388084447602
0xf73,20.53447770990408
0x482c,14.37247343937736
0xc96,29.896108435461286
0x3712,18.30005069092476
0x7346,28.99711319868051
0x7ca9,31.24428066705146
0x9654,24.513383928864734
0x83ba,22.07977422573566
0x19f6,24.39276073247645
0x17c5,24.49530382847685
0xb46d,14.049619977886165
0x6f89,27.90386311572473
0x34f6,16.665747666640424
0xde34,35.80958851316473
0x3ee5,22.95346776027055
0xeac,38.67923328820314
0x6a0e,39.16403983602575
0x32b5,25.626977645699053
0x2075,19.03592449527396
0x4e2c,22.921308644660538
0xb4db,34.0780081722281
0xb3b1,22.023555450121332
0x730f,16.725547159924638
0x42b5,48.71905825462969
0x2850,14.299274828937905
0xda2c,35.38897928677347
0x7ee4,16.696956218469897
0xbc0e,19.144008235295058
0x29ce,38.85797006068493
0x5cc5,19.083430128415365
0x1acf,30.65041873829222
0x4381,21.58875545525909
0x9f17,20.80945278583612
0x7043,22.541685340743253
0x6803,13.292323522936945
0x901e,20.198475176366845
0x680c,28.90798202904482
0xba6e,15.018149206924056
0xdabc,24.50787644196769
0xccdc,16.86372289407137
0x361e,28.544821943970362
0xa1c,32.78967290352554
0x35ab,28.618741264721347
0x56d8,15.638197208591
0x44fb,24.424371896959865
0xd2f,24.50789095552932
0xe231,20.13423731181797
0x2bea,40.32883347867167
0x842e,22.335755272399563
0x9637,45.4586947795491
0xb15,13.266969937323617
0x9b81,16.802860981295474
0xa855,23.70998498420576
0x9fa5,16.353286351383975
0xa162,24.861285590273297
0x92eb,27.01633496647864
0x7a08,18.836326766982257
0x42bd,27.731297897528027
0x521b,22.66670468150479
0x8302,27.8614395295831
0xc978,17.54155105575131
0x311b,29.55006521845714
0xd6d,28.127466628090275
0x8e3b,21.90544850602389
0x2afd,24.881078780820932
0xb652,23.670210992772713
0xc578,23.95273276795871
0xe1df,48.8234110574872
0x2a0e,42.446264675245494
0x5815,17.061124735544066
0x8cf8,19.792419379828008
0x5765,23.046396454583075
0x982,19.992405306709667
0x8442,21.330793203920045
0xa7b6,28.390021348422195
0x151c,36.19408398595116
0x4914,19.17033379373528
0x3b44,27.99964281744329
0x2bda,28.856234629792304
0xb004,33.37754848570488
0x9339,17.04838348650144
0xc185,41.74811349998056
0x1183,38.95464237700637
0xae20,21.051616927695243
0xbdc1,18.184396465223703
0x589f,25.03903505245222
0xc8b7,25.825403508025847
0xa859,25.065877421151843
0x24a1,27.854518675361923
0x8b70,33.6809060215502
0x38a0,20.643291067257636
0x1e7c,24.634427256379222
0xb369,35.50505375235457
0x3084,34.310215401253636
0xa8a6,15.061915696385478
0x8162,19.825408841404577
0x564a,24.397889456298632
0x2df4,27.64554167410077
0x7d03,19.27796024622995
0x7bba,28.13055149067768
0xbfb1,21.363441221224576
0x7e28,37.736264777266264
0x127e,24.35795793311535
0x5448,26.151855249958647
0x3615,23.458455848027626
0xbe9a,27.33193419842638
0x9282,17.625183978480848
0xa993,24.083360921402452
0xdb4e,25.572083524726327
0xc9d3,26.83395451413535
0x9edb,17.104581835197482
0x41c1,39.956885776975376
0x593a,29.463458827450232
0x1e37,35.83207291185651
0x8851,39.469038606290624
0x8387,26.2713623480368
0x78c1,20.380212733138546
0x1e1f,38.13626538749072
0x6f55,24.96377883012632
0x96a2,22.654935874539984
0x7402,34.90530969887178
0x8ae9,21.531011289531456
0xdf3b,38.59720863432036
0xae02,17.254669585956957
0x3082,21.763461547131993
0x3302,23.030579166401658
0xd9ed,36.83223915124511
0x57a7,17.778157417543717
0xe7d,16.178761656594723
0x195e,32.605788348353535
0x7b75,14.646347984260183
0x696a,18.838102730969723
0x5569,23.407560082612793
0x244a,23.921420489256025
0x8095,23.48977703591342
0x995c,38.122679255158204
0x2ddd,47.096727862097346
0xbc39,27.820603659911143
0x4b94,20.344589989329666
0x418a,14.243375413371792
0x8e78,33.92667028004242
0x4ace,34.012088992397274
0x7c9,24.016210168519695
0x73ea,22.057716978808063
0x52e,19.97623247719544
0x3448,17.034110045580277
0xc612,26.103848062148863
0x8893,24.537953359155647
0x6501,36.44834855966832
0x6422,26.90721362372989
0x8284,35.401888612243624
0x36a4,36.51922245831566
0xcba9,24.174725102605933
0x473b,24.931723851846936
0x3153,21.990264956024262
0x2550,35.97791242243457
0xb3ea,23.006450154364828
0x5983,24.968754064418125
0x42bc,20.916963417075927
0xdb5f,37.19295375199306
0x4ac1,27.414200887734175
0x101c,14.73143953022621
0x7417,17.718995542724862
0x184c,36.52584548278053
0x6965,38.41681477066499
0x2e1e,25.54592019802646
0x3eae,22.75110889446805
0xaa75,45.54539628945787
0x911,45.24436099839511
0x2695,21.736346036963393
0x60ef,27.16271292443269
0x3f8a,13.731556023549487
0xdb86,24.94842771437952
0xcdc6,34.23706302856692
0x7c49,14.909328841827842
0x794b,28.078069025110256
0x3545,39.82703379020883
0x23ce,34.28210812403289
0x7230,33.70672336507742
0x5a5a,22.910567647020216
0x13f0,30.303393042834166
0x9031,34.67094846001673
0x719e,42.50439502212948
0xe020,16.95847000037491
0xc1d6,26.86792146222222
0x37c0,40.288015727382536
0x3dc1,19.873567482394495
0x5656,29.415187599010228
0x3aa2,14.53452752048077
0x1e2b,27.87152524079989
0x97c,28.671787346689545
0x17b4,19.61318382445397
0x6273,44.212682187605346
0xf11,22.25009253673465
0xc9b5,26.96521883255445
0x1d38,26.3121522405479
0x9d0f,35.0806862509146
0x9839,17.12337702895872
0x20bf,22.24066634758461
0x23f7,23.305346281639405
0xddb1,16.87213693172519
0xa309,25.237278723193636
0x35de,16.66682920362627
0x9e88,21.484551245570117
0x134a,28.85089610970482
0x6b31,28.22677631074595
0x945f,24.2882355303234
0x5a62,35.07933452271167
0x5c57,18.67417417121837
0xd2df,29.154299638485174
0x9ce,20.05811126860925
0x7bb1,32.72387840864823
0x9c30,41.388391099669775
0xdf67,19.692299577618012
0x99a4,16.004035193133603
0xb90f,28.659555022068222
0x2d81,28.052768969014824
0x5c17,13.569773151115873
0x36c7,21.868622954382364
0x1445,12.832628572776171
0x5c1b,14.902709064157731
0x51a5,25.99440926202347
0x11ad,20.708779086799392
0x35c0,24.577785738970938
0x5249,23.103441703745222
0x680e,29.130520651698923
0x81ec,15.1944531477942
0x3f53,34.590895989004096
0x6a28,23.98910869900603
0xddea,29.35340805913754
0xba5a,17.011199321167453
0xbfce,28.186204681981295
0x2159,28.110329018048912
0xbfd1,17.46757912745614
0xa473,24.423577662606448
0x9bf,37.44432986340032
0xcc4f,42.248023060316726
0x1264,28.4261714634725
0x9ed0,35.98866766729184
0x7f40,23.954234101373647
0x2d1d,25.265465112718797
0x6e5c,17.734841706162644
0xdb75,23.211952800262274
0x68a,28.915820328226424
0x14db,14.142140413116234
0xd59d,23.623634218227078
0x12da,18.84756845599611
0xca22,22.285468191081428
0xf2b,17.224315660248212
0x8309,16.39954295419024
0x9d2,27.746865602722433
0x8b05,26.526435953493927
0xd78d,37.766010388545396
0x4c96,38.53489196667412
0x22ec,35.002296881318166
0x69fb,13.528508205752793
0x2314,25.02661837770727
0x6521,25.3708863931237
0x721f,29.015225058428847
0xd47d,15.515376918997127
0x5d61,25.92789559975684
0x8f38,18.294861879182946
0x2eeb,25.09067182084111
0x7552,17.285994613576296
0x13b5,13.012974310640288
0x2665,44.878478055485964
0xc73b,37.986672079133754
0x1b7f,29.770597137993995
0x6329,16.214093833722917
0xaa6b,36.77694191365954
0x925a,22.790017591886755
0x78f6,15.629777968001003
0x7235,27.080127546680597
0x2c23,25.628194192399558
0xc827,23.690339031715048
0x546d,16.90458300645901
0xe0da,39.22912702628966
0x7df2,24.687768300283313
0x8bdc,42.79651023759904
0x7878,24.884303593058473
0x8374,29.13393131986149
0x2702,36.595979541538775
0xa58b,28.976915211990242
0xfa4,16.63202640074611
0xcf70,23.07540388001055
0x221a,19.776531354114244
0x2f46,25.39364501808522
0x68d,14.920391275919759
0x332a,17.098338381983943
0x4254,34.19192286604678
0xa99f,12.5659910753034
0xd254,40.81728005091688
0xcb9e,28.381356483593464
0xa626,26.774290306831084
0xad2e,16.767014902420847
0x4bf4,35.976502070406006
0x9d37,17.680882353996505
0x4c9e,30.052182235685812
0x2582,27.217139790153745
0xcc69,25.31695121101252
0xaa3,32.1140045134331
0x3932,19.657150134011115
0x4b89,16.96512154425229
0x51ed,21.879979103931888
0x7950,35.31933194560576
0xb393,16.630952852825356
0xcecf,24.170698422951258
0xdbaf,19.820551909371595
0x75a9,15.580919092369529
0x74e8,27.883037191795406
0xa17d,41.78922709633202
0xcc22,20.29590673479463
0x5042,28.376045491448476
0x175d,19.101120465377345
0xdcdb,35.514638522428456
0xdca8,15.315486212192875
0x46b2,34.23328197990961
0xd4b9,28.426052395769343
0x120f,17.121166201079273
0xd16,16.36589048648649
0x6ca2,25.552189306912155
0x6402,19.749825918809094
0x5f1c,27.602953941881548
0x661b,21.720504326131284
0x6262,29.376182394719102
0x4107,18.197454116545785
0x3182,34.70488440213999
0xc99b,23.065869620966904
0xa533,28.124757170922184
0x9a1f,28.186805563864333
0x853b,28.184315861693808
0x5f24,34.486114847964494
0xcbf2,30.115744115491733
0xa22a,25.20608192701339
0x8ca5,28.43305325478747
0x38c6,16.226442542643376
0x3158,22.040055194442466
0x9010,24.290874727415723
0x6619,22.923152841573764
0x6ea0,34.35343929073652
0xd057,32.87565587652134
0xd6b0,35.40811686251375
0x1529,24.31776215022757
0x6070,16.471190226036796
0x3d62,22.099726032857898
0x937e,45.39741898867973
0xc25,22.621085857171153
0x3774,17.38558850352213
0xde50,28.143425083595897
0xc1df,36.00515911287892
0x80b2,40.706773729252454
0xbee,30.13751521904534
0x737b,39.25264187319934
0x41d5,23.204138295296207
0xd5f1,37.855294680787026
0x326d,25.009517098812097
0x59b0,15.080207721213482
0x52c6,27.792334958254234
0x9bbc,35.82333614806159
0x7277,15.896168335311598
0xc03,17.7833237815124
0x8abf,44.9437740013812
0xd8d3,11.44366568801648
0x79e8,18.52696707528744
0xc9b7,21.8556716303037
0x8c5d,28.97915290937277
0x15ba,24.928843623650753
0xe63,22.60631438713076
0xd7df,37.26560789526596
0x8e19,16.629034156768512
0x3102,37.79774762154569
0x7263,15.341390778633652
0x5884,23.720530666511426
0x6e4a,19.948451440016488
0x6266,27.87647343373357
0x23b3,23.764070467617753
0x42d,43.696475047194575
0x6a82,22.01460904059305
0x5c37,23.290247016955682
0x138b,24.287608156142866
0x97f2,27.57850090402216
0xde30,28.866885032869078
0x1dee,38.23115463891429
0xca96,22.15451202059834
0x85ae,21.916194217792235
0xca33,25.971282099938566
0x196c,30.82927326021592
0x196f,18.76166649003962
0xbaf8,24.650306240852046
0xac53,16.80322919142217
0xb1e5,23.70831363855543
0x6762,35.2730257902515
0x41b9,14.352865746965623
0x7b72,14.71671180154599
0x6077,17.28320413227633
0xc6f5,26.947286303483466
0x72f7,23.50982636838384
0x4b2d,18.82588608433049
0x9e09,35.9049275676047
0xd8df,15.775254824492407
0x4d12,21.721902159948367
0x32f5,29.17201179334675
0x6b1e,25.72929620568983
0xe0c7,36.607966901356264
0x3877,39.02020103272045
0x6eb3,16.05631341563588
0xa608,15.09196118299607
0x7eb7,27.36063077358006
0x1ee7,24.87565578306505
0x39e9,22.340665431247736
0xd578,37.15825163345881
0xab31,22.91305002112405
0xe165,13.087651896443862
0x3e29,24.558063086909897
0x1b71,16.662994075570328
0x6bd3,42.77426489834975
0xa877,23.144410733488076
0x135d,24.014576564424907
0xb229,15.780095018710965
0xcfdd,13.068573773708243
0x32b3,29.0645322078458
0x90a0,14.564681000944086
0x2519,24.827840932302518
0xd377,24.41153724014608
0x153c,31.746362970896104
0x637c,23.92658412241819
0x40b6,26.100897154812216
0x3709,18.895652337710704
0x790b,23.182600673993985
0x27e3,22.208481551774852
0xb8bf,35.66330498285558
0xcdab,16.361609472110494
0x1356,42.55752430707002
0x5fc9,23.581736603420275
0x89b2,35.69971373838364
0x52b6,44.76027987102831
0xb03d,34.21597560854509
0xca09,27.630196073461597
0xdf83,25.02561785746324
0x4ccb,30.403486488051932
0xe0ce,26.15758066186506
0xb42,36.15380433709772
0x95de,25.36831695493403
0x5e4d,39.65808262402737
0x50be,39.81766126652682
0x2e24,25.05302861671548
0xb176,36.2649815710145
0x84fe,24.883569970845066
0x1699,44.31290769955172
0x43a3,18.434939972812167
0x2326,21.8007577433173
0x4502,24.61898294296258
0x5518,21.283908343338837
0x37a0,23.15296547734899
0x1a35,29.186884217261298
0x969e,37.32586620054969
0x48bd,14.254732565161781
0x49ee,14.592529723977268
0x14dd,16.1044825537954
0x2d77,14.559748390250228
0xbb06,15.884801831523943
0xe24d,28.66824729883345
0x9216,24.771634123400542
0x2a93,24.57662725508769
0xaa91,21.61574426711532
0x7d9,23.54073358202155
0x2896,13.156429791507664
0xa7b,18.29676479521566
0x3cd5,32.62420237172096
0xa603,34.58411369519956
0x5936,24.78316827230568
0x76f4,14.7936659170205
0x2b09,23.193986914998117
0x8790,19.344253137995914
0xb357,40.152364394991125
0x669b,17.06485665103695
0x71fd,36.131553109399
0x40a9,29.33138461922806
0x5756,21.924508150914946
0xa467,20.016141078653682
0x4cc2,29.52960582810048
0x6787,21.559213786069606
0x9894,33.535749766748026
0x3000,24.546562627220727
0x56ce,21.778759848529898
0x1b88,25.498792620769358
0x282d,39.15633991035421
0x92e,31.6917073740476
0xa0c1,18.979138678301958
0x9176,16.44191322403066
0x43bd,39.81659604770198
0xd0e1,34.29573797027216
0x28a0,24.640117080251525
0xc094,24.443433729629277
0x117a,36.80752779270238
0xcf0,29.6586567542001
0x5cfb,22.402014367876404
0x6911,20.301919376096876
0x5a33,21.743951659752906
0xd5ef,24.388494197626898
0xc25a,24.56876117170338
0x7687,14.615489906526115
0xcbbf,15.811559553847722
0x72fe,22.994548486411833
0x54fd,25.684354502553223
0xce2f,17.664668414309855
0x57b5,36.682401140251564
0xbcc2,24.18752590178004
0x2e04,19.357833299299266
0xc690,16.641890697346454
0x50e9,17.211359399123126
0x3b56,23.273479056596056
0x2418,19.37931953018487
0xa37d,16.141982318387843
0x4fe5,21.701238600364753
0x2e03,22.588226724537247
0x5938,18.500343777252304
0x838e,24.389632092562643
0xca79,17.836996604987505
0x91ef,32.62779531248658
0xdd72,30.303746381879694
0x5364,17.664872575581263
0xb333,27.74678023730806
0xd704,19.536709604911323
0x3f0f,22.93974033363315
0x4987,41.01904838863987
0x33d8,24.91266152937849
0x4674,22.386883808427694
0x6e4,24.207327462798673
0x52ef,45.824844659655895
0x8c9f,19.142537686565163
0xb399,16.781085983131337
0x1ad9,33.99462155957364
0xdc16,19.180584359009995
0x2ac4,30.38989310310634
0xe1d0,36.3588997942101
0x1c0a,16.82517185394612
0xc166,23.086841203598482
0xd9fc,25.657610695351064
0xd968,28.871786243624463
0x84f0,29.403116649369203
0x266f,38.992054455842506
0x8f8b,25.20326135390757
0x7da5,17.2403344243082
0x7275,27.189006030164617
0x9f33,24.107890048376618
0x8690,36.88875129955049
0x630,39.51094674284186
0xc409,41.69778996244895
0x644d,27.916628472262797
0xbb19,16.008455918715427
0xa1a1,21.95677820004989
0xb3c6,16.894086917314834
0x448d,35.95477781109348
0x30e3,21.732743273020134
0x68a3,20.408327885293453
0x8bcf,17.69171028623689
0x45b5,23.292602083656732
0xa4af,34.02494663353464
0x68b3,21.18020870238897
0x5b5e,34.15226738287461
0xbcdb,34.30738464064507
0x1997,21.779565064918405
0xa599,14.356387156531262
0x1407,22.821334695955947
0x7c5e,26.336157328299496
0x4d5d,28.674583575401208
0x4110,14.773189633709967
0x7216,16.94516589700344
0x5c8b,29.804077200449207
0x40ea,24.616968517046818
0x72af,25.472697967909195
0x8873,18.115866974483872
0x5de9,22.347536278142215
0xaa30,14.971883658471699
0x61f0,27.807563072615668
0x1fda,23.04500674362748
0x5d4b,35.50090964229397
0xd9c1,29.26298420829067
0x51db,36.78768779755115
0xb80,16.74515693952361
0x18b6,26.2094725252407
0x6c70,27.870173270753046
0xb521,23.822900199605755
0xc61f,21.909336210718397
0xa4e7,22.68815673182368
0xd556,35.049203696372174
0xb12b,36.69733229528509
0x1185,14.887607347750517
0xcade,29.96795773150167
0xa024,16.990615793627846
0x57b,37.06005322691672
0xb8d,21.678598824284194
0x32c3,27.79299559456189
0xb217,19.03029732807457
0xd244,25.80176881620725
0x6680,25.747230183276805
0x8c63,16.623855254429106
0xc981,34.735531139753434
0x92b,20.5730581531079
0xe23,27.670397830558475
0x4486,15.057037070008446
0x28d0,25.378208242658737
0xb3bf,36.27137677760093
0x24bb,24.11319725152947
0x7fb3,19.12650848980039
0xac79,24.89998691384275
0x9e45,33.30739290694815
0xbff8,48.23151513862992
0x4e04,38.241719490627496
0x5b63,39.04479323780271
0xdd2f,15.896471528349485
0x8674,34.19697143794325
0x79d7,24.177224260718923
0x6d95,27.666352529257264
0x56d5,14.209985086524249
0x1205,28.292528407546435
0x32a1,22.018328979175436
0xa4a4,51.28662788683698
0xa023,23.19038985994622
0x880,33.240525088725136
0x918c,24.066082820999576
0x3f9,25.943655600942307
0x4db4,24.920195827417206
0x3254,16.28777941138875
0xd323,25.29631091339232
0x7519,21.636753795715922
0x38f0,19.157052912661563
0x30e2,27.573913083619175
0x243d,36.423954534046395
0x810d,33.582917708893866
0xa646,17.078626403744014
0x7545,14.496637528914617
0x6cc5,17.044621246848667
0x6829,39.859870759750365
0x4e12,24.48339580174206
0x9124,24.705385881118914
0x806,20.0199010941725
0xdc54,23.73670059574779
0xa3ba,40.56263466453895
0x4fe3,28.208608952664726
0xc726,22.92096820876912
0xd0f,44.745276359385095
0x58ba,30.004790512364192
0x5217,25.323318811311832
0x785c,28.125437273610864
0x34c4,33.23286723968112
0x150b,24.265716895634124
0x487b,35.9354871107462
0x86a9,16.384823132015203
0xd34a,18.98294940492456
0x3d75,24.969593320674573
0xb2e0,18.691251735873095
0x5339,18.562285757365956
0x7fbc,19.759513726505144
0x4b87,35.86875964664843
0x8fd7,21.848887861164908
0x7b9d,36.357509136724765
0x7bbb,22.95758023468578
0x8bd5,27.179631464731116
0x8a4a,24.787241503802505
0xbe84,28.563245149827544
0x8a5b,28.146615791636453
0xcae5,35.476274061568844
0xc1fb,21.326718835537516
0xa65b,17.595280492499818
0xcb86,24.292295187230618
0x8a67,35.935946550949524
0x811,19.914135211067517
0x26ae,21.704509483863788
0x258f,20.576153995568397
0x97fb,29.49089873637842
0x163a,28.388476325361164
0x849d,26.08740993523804
0x6ac6,23.72402921764224
0x560,26.982831203268823
0x6924,15.789124034070415
0xba27,37.268221574462615
0xb66d,34.69710313961433
0xe1fc,25.100366766517297
0x4fcd,39.93692804666973
0xaa1a,23.551389044529074
0x6ab2,39.54573103363047
0x56f9,14.79232502518097
0x3aeb,24.539012117542267
0x524f,17.033060501257356
0x6f81,17.15093401183274
0xa662,29.581750071036648
0x8a1d,16.945224577329572
0xadc6,20.934573748568265
0xb541,44.34352056915156
0x7278,17.91819682886882
0x930d,22.759968182420312
0x8e9c,22.986634965805013
0xd1aa,28.59451527234169
0x5247,27.59520249903065
0xe249,22.74234224683463
0x6a96,16.195626222636477
0xcd4d,27.657534496542205
0x5a1e,17.20540789866826
0xc36,23.935832274868776
0xdefc,21.64037469767156
0x908e,34.443169190858235
0x636c,15.20777886651364
0x2710,24.095866598790185
0x7ea5,15.127312385351514
0x21c7,24.224304014180465
0xbf5d,23.51159236155322
0x3a6d,19.62216948263621
0x7464,14.034457506373887
0x1b3b,28.91293248380314
0x1ad5,28.04146810411351
0x1dc4,20.70594818298979
0x8801,36.84453185651876
0xa1e0,33.966023681266876
0xcd0a,22.42479260551923
0x4362,22.25353612072049
0xcfd3,24.770843326023382
0x15c4,17.222292059731135
0xe18d,26.34505011181101
0xa541,17.00902414738426
0x351f,35.74334825648357
0x2951,18.359094673822682
0x3a79,22.19448104543738
0x15e2,27.945538181149725
0xd54b,26.563093454168122
0xa21,16.51814603850523
0x535b,27.79295338606759
0x9c24,17.122704067722875
0x67de,40.34590918005826
0xc5b2,22.23576992258738
0x87e5,21.605494986604384
0x2d19,14.33755144529614
0x506b,18.311063769413384
0x8d4,25.856745301795026
0x2a03,19.560659373964278
0x4c74,11.644107691366061
0x4dec,25.15796884668381
0x268c,29.738901678777733
0x4075,21.770328405476363
0x8632,36.65072390627519
0x1fb6,12.358428421396551
0x48fe,29.64706627595431
0x494f,24.800403697813383
0x8cee,28.355397150714314
0x47f9,18.16085427784407
0x2838,36.269008810079285
0x7c12,35.21817648263643
0xba57,20.177211434686836
0xa445,21.906080321138113
0xdbe,28.91513823167523
0x271f,19.057801257616607
0x9149,19.234982664229985
0x9375,34.689406313773574
0x3a6a,18.662084226031656
0x3b67,16.41982647744478
0x24cd,27.287046286580757
0xd828,22.194106754157012
0xdbbe,22.4981575580979
0xa736,24.842418534840476
0x9ad1,25.047224533626363
0x3503,23.576573541254668
0x8413,16.67560388005108
0x186e,34.98061494280009
0xde92,25.686541833720664
0x99d6,34.550556953710455
0x8b5c,45.297850211062496
0x7021,22.69866702488488
0xbaf,35.356340197251996
0x274c,38.90243208467651
0x3db0,28.749801198097998
0x2117,26.133397470100856
0x499e,21.0549305986911
0x2a1d,26.21971206091074
0xba37,21.553872192456172
0x83ce,34.915305046786536
0x7c00,22.052386296568834
0x895e,25.54489320543795
0x2b3f,25.09516307128549
0xab91,40.43566181196161
0x2b8f,21.030573535148527
0x166d,29.96702797914361
0x6205,15.88447764226574
0x4d5e,28.16677414635991
0x8de7,15.947614605815545
0x2660,16.209226038752863
0xc0c2,16.756599836888682
0x61c0,17.215659009894328
0x8e8b,15.21935914765424
0xdae6,26.01956425338137
0x12ea,44.89790816130249
0x14fc,24.58314962238715
0x72c7,24.915654132750543
0x9cd2,34.766202684273416
0x8474,32.40355574770653
0x4952,28.034280222293738
0x5663,21.45249529309585
0x692a,13.693168281472182
0x32ae,29.017762065907817
0x8754,29.53568252388944
0xb4e0,16.343776983510587
0xa0d6,28.072295819693107
0xb2c5,21.420552099904025
0xb315,23.333812147282877
0xc5f7,22.072280559163563
0xcd56,40.98633713085295
0xda59,24.63885741821981
0x907a,19.693124895070078
0x68b9,44.918905750103086
0xe1f,14.948126182753912
0xb6b8,21.748864910597046
0xa4f1,25.037156406929686
0xa0f,26.469017439923324
0x1004,25.89732233819194
0x24e2,34.27675005279197
0x70d,28.360971777074095
0x1826,23.960880657579708
0xb8f,21.064684734715264
0xe034,9.192042474802973
0x1714,23.5379402385453
0x4f82,25.03450715106846
0x30e8,25.22331623974318
0x978e,31.22276378206178
0xd2c7,35.545903785830504
0x6eff,43.127254154129574
0x2180,20.88833214612213
0xa66f,25.088847607274033
0x2af9,24.22090780835116
0xd5e5,25.83886321798654
0x8a57,27.09554651450795
0x6db8,19.538478308489523
0x6fe7,23.82311555083392
0x6e73,19.312780715829348
0x18dd,26.699687905345243
0x7a0,23.605971127363564
0x7e12,26.210918370434584
0x4b67,39.50851726218058
0xd5de,13.592068819014065
0x38fe,26.979300143566462
0x78bc,22.67135130752451
0x6751,15.341553025285316
0xcb36,28.89794997313711
0x388a,20.219004448002963
0x8749,28.6598795526552
0x606d,28.467988926576094
0xa23e,24.622391261224237
0x3d6d,30.08794934669147
0x2081,36.15656495511206
0x82ea,35.25098474406306
0x961a,28.72164730875608
0x6446,35.31811546206267
0x21aa,28.031459458366633
0x9230,36.45007746662737
0xccbe,29.43483626234103
0xe193,27.816576519813385
0xcac0,14.356658712623487
0x440a,29.822246744955017
0x6544,24.845886867630064
0xb54c,36.056381170663755
0xc3f6,23.820165740422382
0xd158,37.338758067615736
0x1ac8,16.83969228745247
0x5cc6,25.2732525295489
0x858e,40.14093347153704
0xb702,28.52850480158383
0x1431,21.71270751515441
0xcba6,21.43251065064131
0x3f51,29.537725058931834
0x3bce,34.729174454637395
0x4a07,23.644774020031257
0xa844,22.841267268456182
0x2b67,40.50081410032475
0x7da3,45.86926830720708
0x56b,23.91920889964948
0xdb5d,21.794306601613155
0xb051,22.61561644029665
0x71cf,46.34249709830026
0xddfd,25.408942869964523
0x485c,35.40110456122378
0x327d,23.0354300154452
0x39d2,15.148797168950695
0xbe76,14.501273381762095
0x1fad,28.61507614011294
0x7ce7,26.027882300782057
0x562,26.388845038357985
0xc10b,45.632516337626825
0xb270,39.5640089885748
0xcbf0,28.627574490635755
0x88a0,36.04597325645196
0xc6d2,25.49713150745864
0x4ae9,28.305983121528353
0x7a12,34.6168362353203
0xc6fe,19.462801742781423
0x9488,28.63420335277553
0xcfc1,27.04015834386591
0x45a6,20.625305446775393
0xb839,39.07793565458485
0x5bfd,40.94174987834499
0xdafb,19.985387423567364
0xd99b,43.99745957041177
0xac9,14.674088830698604
0x1d02,28.128167286861423
0xa2a9,29.28124911658079
0xa591,22.83315234644301
0x57cb,44.24181458521446
0x53c4,17.05958561559324
0xc22f,28.05637910745167
0x987f,23.773631306036034
0x6862,40.628786815137914
0x2488,16.853212241953305
0x7a8c,17.257436279359705
0x41e2,23.807488026353262
0xb8f3,27.756302191278163
0xcc9f,25.22491927954305
0xbde1,24.979437341997397
0x8580,27.074269365783064
0xe25b,32.99193891506321
0x1df0,23.684046639194847
0x5c30,13.454914942384153
0xa9c2,29.51560114675697
0xbeff,28.222888347302053
0x5e95,26.294917459227506
0x4b4a,25.03925568898474
0xe205,28.428460829086468
0xa34c,16.64708104570764
0x240e,22.02355399500767
0x1e2e,16.411700765867938
0xd7cb,17.532295558433223
0xb8a5,14.039462680524062
0x50a6,14.729338605375263
0x4879,19.88045189667921
0x32ec,24.713163789352343
0xfcb,24.937256974571888
0x7324,15.266837318397412
0xcddf,13.303949072743602
0x5574,30.11765870268959
0xde80,27.55543231743962
0x50d9,30.054432493618727
0xc5ed,24.638063774127122
0x5ae6,15.404966518284919
0x151d,17.104251937027765
0x46f4,22.213007946055665
0xe104,15.208348179326798
0xb3c0,36.26160211345035
0x80dc,25.1576021583964
0x3563,29.59079639576155
0x3b45,28.101166149033652
0xe6c,26.661509535770854
0x23af,22.742276955473216
0x4f93,18.687157667052784
0x7ed6,14.653599546929645
0x57ca,34.83718588935914
0x827d,21.190050239497097
0x505a,24.945893664254722
0xb324,24.193358525382948
0xa88e,29.01587721343211
0xcb69,21.723687541243976
0x70b4,39.01193729506142
0xd3cd,34.55317218686793
0xd64b,43.13828431545355
0xe04,27.742978881590865
0xc01b,26.461731789067866
0x3b6e,35.87101034540145
0x82b3,38.07268145179669
0xd2fe,29.76987242672305
0xb6d5,23.143326522842294
0x4f7b,14.181952254111216
0x344d,29.642386537048495
0x2559,28.409390779608245
0x5c61,44.304275833166756
0x3ba5,18.81445346182514
0xc560,27.946559138262476
0x6f80,29.64657098576263
0x2882,26.270107020965096
0xa0f3,17.390507158666132
0x27b4,20.16304251012042
0xd9a7,20.976882843147038
0x7139,34.552021268554874
0x6868,25.853978217190093
0x6f41,14.036092156315744
0x7d89,11.176745424375182
0x6d3c,23.630681810423663
0xb1ef,18.727960734237353
0x6ada,28.33399130458277
0x7287,27.352631517270755
0x88db,39.32824902420859
0xddb4,14.948054808692543
0xa2fb,35.43443875043918
0x27cc,26.53354805419967
0x975c,14.523230754558995
0xdde7,19.67676675188098
0xcb7,22.502072259506367
0x480d,27.538356426783015
0xc60a,25.368719711637397
0x18f0,34.44465340417047
0x691b,40.125236052561156
0x8e34,22.418955999329167
0xdef7,17.197175621079932
0x1d6c,33.159584653100964
0x3b55,29.14571697394435
0x3370,22.69098306364217
0xb9ce,14.630304912367672
0x37da,21.523612021387414
0x5880,25.29575511583634
0x954a,16.30490681021161
0xd5fd,33.884878093414336
0x1b10,22.89182267697658
0x7e89,24.826255867067875
0x3d07,9.616399355602466
0x26d1,24.674988832355915
0x48f0,21.957659888546306
0x92e1,15.589508705458083
0xd7f5,24.618337479657804
0x7291,34.723864794753545
0x6194,22.602082187278565
0x5020,29.476340869789613
0x56c3,23.56879002172601
0xf38,36.81067710654109
0x6fc5,20.246606440123095
0x98d9,20.044837513894283
0xaf43,20.10770038238873
0x516f,29.838331837657478
0x9d30,43.281068849968854
0xb821,23.091245736851338
0x1fbb,41.67161801197854
0x9e1e,18.806824554763242
0x9e82,9.90973407862851
0xd971,28.59121567333047
0x826,16.477223388460125
0x3e79,29.2581831346363
0xa2b4,19.589207263090398
0x3551,23.23443293831599
0xbeb4,33.05837177656062
0x6697,18.188149632054355
0xc519,25.848823087363883
0xc0c7,26.45792477663932
0x5b10,28.299140011418906
0xc7f3,25.99176715236235
0x3c6e,50.292593622495865
0x3334,40.67766521620749
0x7bbf,16.451802100780952
0x14ac,35.09790193909764
0x846e,20.509687142059104
0x816f,36.93781130443534
0xbdf2,36.13608724824544
0xaa81,40.558573244562204
0x4638,21.561383507125274
0x31ba,19.02581634217516
0x9af4,25.538012365207248
0x65d9,19.14614226859696
0xa01d,35.48205875140883
0x5228,16.933549035171442
0x2990,39.54085379431816
0x999a,32.75531849899314
0x35c8,18.095250125313708
0x34de,22.82316439869311
0x6738,24.258726485683585
0x68cd,33.04403330230984
0x6cfd,38.031269370556494
0xce70,28.492528068492184
0x5ff8,46.65915111787884
0x6d6a,23.001861604844684
0x9eff,36.789942984987945
0x71dc,24.6843816331139
0x1d44,24.49068859030064
0x6aa4,27.575185721603106
0x2115,36.51444258655481
0xb60a,26.847043521009883
0x8797,26.874825512440665
0x1f21,34.60514336244307
0xbd12,34.519006239988514
0x808f,33.78346825775033
0x98ad,23.25036075529661
0x2e4a,22.280755389764575
0x3992,21.621129749051416
0x3263,17.442651101423426
0x8ef6,20.076443208356554
0x59bd,18.860589731328293
0x498f,41.03284878299696
0x6de9,45.0708332267344
0x9596,15.367799829768598
0x3f91,35.25348011249331
0x9df6,24.641923385999757
0xad05,14.17869620059855
0x5df8,51.97418861287866
0x994e,34.68636923072179
0x2e10,40.836211494273414
0x9b8c,16.424999569393965
0xaa51,21.111207746380213
0xb715,34.53296572641333
0x26c3,23.054897509824066
0xce4b,25.55756356564387
0x9a5d,22.23877877905451
0x6520,28.189158173818083
0xd2ad,25.21558057711025
0x489c,23.271345355564144
0x8d26,36.422674547878884
0xb5b5,26.985696441314804
0x1943,24.38508049622253
0x14ca,22.94433045462277
0x12d4,27.653570119995067
0x5206,25.173331248258553
0xa23c,40.68998691360507
0xd2c5,28.43118442272362
0xc8aa,28.648821255291057
0x1ae4,26.07842075232842
0xc9dc,28.893398018045403
0xcc0a,27.255697359990386
0x8844,27.973163192495093
0x62aa,16.543246183479543
0x7b5e,24.11688224222463
0x2a56,33.779911963954724
0xdcf8,23.867738874726378
0x97ca,35.2317106836301
0x7b1c,20.394067817803144
0x7197,25.832569449227602
0x5d4a,21.943620464627763
0x9e7a,27.93130067315675
0x5992,26.805078137083616
0xabec,25.115132717927697
0x3f0c,34.707261591856614
0x5bb4,35.451724334499566
0x4e88,21.786518212211067
0x5bb0,20.2247572252347
0xa9bc,23.46045034252673
0x3027,28.31772485091286
0x23d2,19.045024126123486
0x7753,22.458178408288227
0xafe9,40.417314807574826
0xa997,24.105747880749337
0x5d02,29.235895332477888
0x1b04,40.46451329378985
0x4418,27.336893329068985
0x195a,29.668257013383343
0xd807,14.755298841181254
0xb2fb,14.856404228647841
0xc86d,36.4236967650314
0x9e8f,22.113478442582196
0xc6e5,13.683746751006344
0x3277,28.123737710494332
0x8c2d,24.528612283454148
0x4245,25.592498415135935
0xb88c,22.906367922067783
0x1c1e,46.87286428811389
0x577f,34.86265487522994
0xb923,25.594639194633142
0x649f,25.245349560579797
0x713d,40.15888056229322
0x5759,26.612790450560002
0xacff,34.5354848441079
0xcb04,15.061344100438063
0x49d5,34.349018153679914
0x5bb5,21.654048695937274
0x6c66,36.11693668735175
0x31ef,25.97896314983672
0x2a99,32.77124734941679
0x6dd7,36.13486964110529
0x4a16,30.53600164471979
0x2271,45.4071997688449
0xe105,18.47868425511222
0xc86b,30.483429936773287
0x41e5,15.850298218391181
0x8c8,20.023333675558987
0x8f18,36.150705839938944
0x6267,15.968989376421355
0x2400,23.153794192093965
0xcdc8,25.189118938313506
0xa65f,15.14062619174549
0x22f4,14.373563875346532
0x8370,18.903117398035842
0xcf34,16.984134071407908
0xd46d,16.24878711665813
0x2247,25.03561532515339
0x4025,21.68709771463894
0xa2ee,35.27629221780649
0x4c0d,22.911876920708767
0xc113,28.05488293986633
0xa610,35.77385352695493
0x3e31,22.93166710528351
0xdbdb,27.069416623119523
0x896f,17.733988010670632
0x596f,14.027300406185743
0xaf3e,25.081102451469636
0x2f49,40.29587858920921
0x2944,25.688337816144905
0x2950,22.35434876008694
0x24df,35.414425987259285
0x80b7,23.062681411150727
0x5967,27.8686992952624
0x4891,13.899670716878095
0xadd3,26.71858672922455
0xb27e,20.44385960519235
0xd918,30.350988376465317
0x4e0f,23.082831217362077
0xa071,14.91041516230193
0x4bbe,22.784301755813182
0x6185,27.80153604446605
0x4fcf,25.13070424328828
0x3313,13.920096351409583
0x2ce9,24.814151482627153
0x7ba,15.349643711475997
0x103b,22.18330668964944
0xd299,20.325701552184647
0x6a98,37.48879522423281
0xca45,36.64212802800569
0x68e2,24.817444323610275
0x8760,19.708488901407875
0x5791,20.422107416763275
0x2863,27.047739643400575
0x66d0,18.025959837831074
0xc632,38.14747022820511
0x3a8f,37.29487481060523
0x5ca2,29.14758774894943
0x834,25.159928676211887
0x6a9b,22.25525207118556
0x8981,13.613467867967874
0xd631,16.246075484299652
0x199f,14.153259120524542
0xa26b,39.48961545576052
0x33f3,15.113517871722168
0x4925,37.03569649351091
0xda0f,15.422225545829864
0x8d8a,23.835446508622827
0x5b60,39.6390171103004
0x2924,31.975898635327763
0x7ef9,38.376972482473626
0x26f5,15.226308533393635
0x2fe4,24.23139609405245
0x1a7c,20.001532657726983
0xac6,26.41130608561847
0x8f78,29.28250715891398
0x16a9,26.93929496721014
0x3fd5,14.964513225421708
0xc759,27.987478997357265
0x41cb,25.999767877809816
0x2643,21.153763388000122
0x7c6a,32.06995986365253
0xd3f2,13.342171315151173
0xbb18,25.018973291680407
0x2c62,25.079457640541065
0x1aa5,20.24174329341368
0x7e9d,34.367395815593724
0xe103,36.385361294711394
0x525f,23.225220353775093
0x6406,21.552702286841484
0xc3c9,28.717188999555876
0x7266,18.558672747272546
0xdc4,28.66188954421235
0x724f,21.988759893465996
0xa037,20.430531733552524
0xa62b,25.80485401459482
0x9193,44.00076010442308
0x6bbd,39.43639276617735
0x45bc,23.225765379325054
0x9618,29.09138490906311
0x8355,24.382860002648755
0xa735,25.144123199205154
0x3eb9,26.872774708412702
0xc7ed,27.900309200753718
0xaf71,16.666124874872484
0xbbbd,39.228628560249724
0xd4c3,28.635430530571004
0xcce0,20.335251729246384
0x410c,23.68705613801029
0xbe60,40.32475704241154
0x9288,13.041665302364562
0x4a99,15.694911802119714
0x8152,20.855992062603963
0x1040,28.85790867403994
0xd383,22.89831223039356
0x5a9a,13.385945151205322
0xc96d,30.437885218436914
0x51e9,35.649660778251665
0x4aa8,14.077259319436356
0xe0b2,25.052540816599883
0x28b3,22.806673177594078
0x4d0c,24.576681203894157
0x34c3,16.71849507999102
0x66b2,27.48615062604983
0xd628,38.50069350410483
0x535a,22.895291271571853
0xdf09,12.847098567159767
0x56c6,15.659840939111945
0xb794,22.693244116119732
0x7e32,28.818978260526592
0x3a01,40.5600948295406
0x2181,18.60594074945603
0xbe96,24.00177844024758
0x34c9,18.34386755633055
0xa3ef,40.79060777955767
0x2adf,23.279326535953277
0xd2f0,29.023270293747483
0x34ac,19.163715015781936
0xac7b,25.47545660104919
0x7e53,16.44857748148694
0x8275,34.57560155462492
0x6d97,15.685886708970187
0x5135,37.06965745386663
0x67eb,27.276923154073625
0x9140,37.041711435037705
0x9a8c,23.08280386120858
0x2397,51.41579609284214
0x2c92,17.308558903582956
0x21fa,25.174826917175714
0x1534,19.271927567449406
0x981,35.669785664925335
0xc4ee,39.80095440838006
0x1a66,25.424593548675524
0xa1d2,22.912985087180402
0x100d,25.69313725657423
0xcf71,14.703292552936313
0xdb57,22.043759560823364
0x2e59,27.840041519707395
0xc746,36.222997749164875
0xba3d,15.873571658468311
0xf27,15.034344799966615
0xea6,22.810587920433186
0xb1a7,36.797182928373104
0xa6ef,29.124472621150105
0xd6d8,16.469507222950725
0x8a6c,23.503381834913423
0x6c3a,51.11179198941069
0xc3c6,15.634738282393872
0xb58,25.282198197799755
0x5bcf,25.09782601082594
0x315b,15.921408587797469
0x4895,27.783915230105006
0x2241,34.790234136977666
0xaaea,25.48268924578324
0x6453,15.574052614314999
0xd071,24.493653711600025
0x8209,18.78837569479844
0xd119,35.19913743874553
0x3811,21.439270024786154
0x624d,36.647264809534505
0x6ecf,35.60439021108885
0x120b,23.291792141276986
0xd231,35.75790362790506
0x90b0,25.06445332805762
0x5ec1,39.99981624357066
0x634c,22.748528762265227
0xd2a8,22.71402606542893
0x9d3b,18.746446066633634
0x38d4,25.268768341699534
0x6e11,26.862648279888873
0x9322,16.209563498767157
0xd0a1,17.08833235586213
0xde07,30.403347383690257
0x2086,18.61340011264472
0x250b,15.602167789481983
0xbe75,20.770910589564732
0x73bc,14.471678007566938
0xd438,23.33980332533395
0x8409,23.963532490165452
0x4886,28.26670561834428
0x60d5,16.978356518620703
0x6ab6,27.996788176191785
0x461,19.56932553891434
0x86f2,21.78360088758507
0x4916,20.713479251522003
0xd432,15.609549334750806
0x426b,36.66980186260004
0xe0bf,15.736163840247777
0x2f14,17.014643618272196
0x2017,20.08790230431525
0x7ab,21.905645443659328
0xda88,34.63815120799868
0x4fe6,20.003049993258678
0xb0e5,22.896355654922516
0x7252,25.001238446831923
0xf07,16.53121868513808
0x863,23.49345955669585
0xd0be,19.12649438610737
0xa891,24.59571700413814
0x735a,23.554463131551405
0x5046,21.756901163719068
0x4b93,23.29758061672633
0xaa09,43.163158231929366
0x3830,28.232688912043532
0x1ed1,40.14035325989041
0x811b,24.44735105561763
0x8cb,41.95128553406625
0x1889,23.170796582152107
0xa58f,35.55288494729795
0x8fe7,24.275755686422205
0xa3c6,22.66979359961518
0xdc07,25.67579244946378
0xd85f,35.904250765163624
0x3781,13.948282057657954
0xcdff,39.04535455421678
0x6824,28.57741283656919
0x7c4,27.845738745761636
0x1180,23.336515909602845
0x988a,23.30369689498032
0xa38c,36.93345894740442
0x3d40,24.23260456112461
0xc563,27.742415081869858
0xd7e0,20.844062763534996
0x6002,25.09706239099212
0x5c69,30.82552534890908
0xcdd4,28.335489306341604
0xb0e4,36.621272790627444
0x1d07,35.015249077095504
0x7483,15.645683816075419
0x4e8f,17.14154543627114
0x7f9f,16.760714159357732
0x46b6,28.356549384405785
0x6607,21.96860450217939
0x98fa,18.642871904556692
0x1523,16.057698754027346
0xbd47,21.729772746632978
0x7328,45.73672198278987
0xa810,35.92833634611156
0x491a,25.54314899151616
0xb55b,32.78856167522905
0xd5c3,29.72371726199538
0x2ee7,22.642968335768877
0x5af4,35.83878901690425
0x2601,12.534774631338937
0x1163,17.243818794671956
0xe2c,22.235982909011568
0xaec7,28.06566962784706
0x1de4,30.43755584511032
0xc7a7,13.038151052413227
0x1b0d,37.05428542004816
0x1a92,38.90524279269956
0x6997,23.373045183841462
0x90c5,18.580123831596108
0x91d5,29.260899362020698
0x2bed,44.25454252100314
0x373f,21.91062330763289
0x5640,25.00223272951631
0xdf1d,27.563384487256826
0xbb2b,23.912242815259493
0x51f0,21.563648981911616
0x59ae,24.138485220199886
0x5193,21.943892502645703
0xa333,24.14118799225751
0xc9ab,42.69252144869398
0x4e21,22.548740383623475
0x1178,36.789949179553474
0x7c09,28.184243873772967
0xd641,28.85104515779929
0x4f8d,16.771588621298843
0x5eee,25.138829846431154
0x5fb2,27.912234528315558
