ID,Time_taken (min)
0xc125 ,24.9816047538945
0xf18 ,48.02857225639664
0x4b92 ,39.279757672456206
0x31bb ,33.946339367881464
0x6756 ,16.24074561769746
0x1621 ,16.239780813448107
0xa34a ,12.32334448672798
0x9dd2 ,44.647045830997406
0xb834 ,34.04460046972835
0x4ffe ,38.32290311184182
0x1eb9 ,10.823379771832098
0x8cbb ,48.79639408647977
0x4e4 ,43.29770563201687
0xb00b ,18.493564427131048
0x3344 ,17.272998688284027
0x6b25 ,17.33618039413735
0x17a5 ,22.16968971838151
0x965f ,30.990257265289515
0x3c39 ,27.27780074568463
0x2ca4 ,21.649165607921677
0x2197 ,34.474115788895176
0xc515 ,15.579754426081674
0x7f35 ,21.685785941408724
0x17b8 ,24.654473731747668
0x8670 ,28.24279936868144
0x4b41 ,41.407038455720546
0xdabb ,17.98695128633439
0x8547 ,30.569377536544465
0x1ce9 ,33.696582754481696
0x7191 ,11.85801650879991
0x15d9 ,34.30179407605753
0xa88c ,16.82096494749166
0x9ced ,12.60206371941118
0x1a64 ,47.95542149013333
0x68c ,48.625281322982374
0x345e ,42.33589392465844
0x955f ,22.184550766934827
0xa000 ,13.906884560255355
0x10fe ,37.36932106048628
0xadec ,27.606099749584054
0x50b6 ,14.881529393791153
0x9ea1 ,29.807076404450807
0x59e ,11.375540844608736
0x3588 ,46.372816083151285
0xd69d ,20.351199264000677
0x358f ,36.50089137415928
0xa977 ,22.46844304357644
0x1e3c ,30.802720847112433
0x7aa8 ,31.868411173731186
0x5300 ,17.394178221021082
0x3903 ,48.783385110582344
0x1a1c ,41.00531293444458
0xcf06 ,47.579957662567566
0xc0e5 ,45.79309401710595
0xb674 ,33.915999152443405
0x687f ,46.87496940092467
0xcafe ,13.53970008207678
0x947d ,17.83931449676581
0xe282 ,11.809091556421523
0x400a ,23.013213230530575
0x2af2 ,25.54709158757928
0xa24b ,20.853961270955836
0x85cb ,43.14950036607718
0xdb69 ,24.270133067743572
0x9756 ,21.23738038749523
0x906c ,31.70784332632994
0x6951 ,15.636968998990506
0x1de1 ,42.08787923016159
0x3da6 ,12.982025747190832
0xca32 ,49.47547746402069
0xd4ca ,40.889790771866295
0xbf04 ,17.948627261366894
0x519a ,10.220884684944096
0x3818 ,42.618457138193364
0x85c8 ,38.274293753904686
0xb3fa ,39.160286721639494
0x883a ,40.85081386743783
0x2fd8 ,12.961786069363615
0x9a48 ,24.338629141770905
0x7de0 ,14.634762381005189
0x35e8 ,44.52413703502374
0x2dbd ,34.93192507310232
0xb717 ,23.235920994105967
0x2566 ,12.542334011440946
0x7644 ,22.439292868626488
0xb39d ,23.007332881069882
0x48b4 ,39.18424713352256
0x4195 ,35.502298854208526
0x7e7c ,45.48850970305306
0x7714 ,28.888597006477973
0x73db ,14.783769837532068
0x3140 ,38.5297914889198
0x78f2 ,40.4314019446759
0xc339 ,32.45108790277985
0x9de1 ,40.83868719818244
0x1c36 ,29.75182385457563
0x3766 ,30.909313175279763
0x6ab4 ,27.101640734341984
0x6ec9 ,11.016765069763807
0x7f0c ,14.315657079732178
0x5260 ,11.25716742746937
0x6c9d ,35.45641645055122
0x93b0 ,22.574239243053068
0x238d ,30.342827646588113
0xeaa ,46.30265895704372
0x3d7c ,19.971689165955
0xe21 ,26.415316921425188
0x7e26 ,40.22204554172195
0xa887 ,19.1519266196649
0x7d94 ,13.079196393151719
0xacb ,21.590058116550722
0x640e ,16.448851490160177
0x8c9d ,47.18790609370292
0x8f94 ,42.32481518257668
0xa60 ,35.336150260416936
0x23f2 ,44.85842360750871
0xccd ,42.14688307596458
0x6dee ,17.462802355441433
0x7ab9 ,45.70235993959911
0x43f6 ,31.573689676626028
0x222b ,42.2976062065625
0x5933 ,45.84365199693973
0xd6ae ,22.720138998874553
0x4768 ,14.40207698110707
0xc19a ,19.117406501677667
0x8eed ,27.08431154505025
0x9824 ,42.72059063689972
0x1bea ,44.429223330253734
0xc877 ,10.278085221247629
0xb78a ,30.42989210310263
0xfdf ,26.69644012595116
0xc366 ,18.88431241882921
0xe090 ,14.794614693347313
0xb7cc ,23.504606856145116
0xb1f6 ,47.71638815650077
0xa7a9 ,22.928117280830207
0x88d5 ,30.751624869734645
0x97b7 ,38.12075835580711
0x9ab4 ,24.54518409517176
0x6303 ,48.87128330883843
0x6ad7 ,48.497891797684446
0xc0e1 ,20.071291833014566
0x3ad9 ,29.88994023569542
0x3dbe ,22.035132392670786
0xb0ab ,21.393619775098706
0x3143 ,11.475477894181312
0x6523 ,34.382573359195874
0xaee4 ,30.10716092915446
0x49c ,12.059150049999573
0x6c05 ,21.14585856946446
0x7fdc ,46.33063543866615
0x2b1b ,19.582475626678896
0x2c9f ,15.795794883648924
0xb915 ,29.57811041110252
0xd2a9 ,49.42601816442403
0x2382 ,19.682210860460017
0xa458 ,36.885421896235144
0x6874 ,40.4647846131487
0xa056 ,19.50550175969599
0xcb80 ,39.12865394447438
0xc35e ,24.711325308770128
0x3f5 ,35.29223322374318
0xd552 ,35.341188430435786
0x87bb ,31.43098736299034
0x90ad ,13.611590802176332
0x2516 ,43.41209982356952
0x6749 ,22.83120259886943
0x3e02 ,17.46074041599417
0x3bef ,11.631005662190557
0x43be ,33.63571772752967
0xaa73 ,37.1025744736913
0x37e6 ,10.663513157114245
0xa538 ,30.48372233197124
0xd50b ,19.059831007917516
0xc8db ,35.806911616377995
0x64be ,16.97465716019966
0x4e62 ,37.63750952409864
0x1578 ,25.469413852021496
0x193c ,47.46919954946938
0x76e3 ,15.50083776583973
0xc355 ,23.642654042010342
0x69ba ,14.538940849623563
0x5d63 ,46.98774473114251
0x4232 ,45.09357413523924
0xd37b ,20.317665108606224
0xa916 ,36.39936184136716
0x58a0 ,42.688888008048636
0xb719 ,32.20803246397849
0x59e6 ,31.18602313424026
0x3ac5 ,19.67409163601807
0xb580 ,13.72411071223597
0x5748 ,45.88863031813307
0xbbe9 ,46.016722286533216
0x6a65 ,35.324058290930715
0x2c41 ,23.561191641948028
0x8f13 ,23.968382984506434
0x6297 ,39.038227154809576
0x124b ,45.884410398103086
0x4aa3 ,45.48345697060469
0x9be3 ,41.19502183430495
0x8787 ,35.68126584617151
0x99ab ,13.365598599801952
0x95c7 ,16.465148563784552
0xb466 ,45.94216754108317
0x8f5e ,34.2571623863836
0x2824 ,10.367882064665185
0x741c ,14.058861714641285
0xa6e4 ,36.54007076432223
0x8f6a ,10.202463353848747
0x68b7 ,16.432322056699945
0xd5f3 ,31.949351574663446
0x36d9 ,37.67580790770773
0x797f ,36.07845038010402
0x4765 ,18.970772378422392
0x3c5d ,38.48716885390144
0xbe01 ,19.489963499872005
0x20b1 ,23.01598792637071
0x3c0b ,39.85965620472096
0x848b ,35.98531596188859
0x19f1 ,43.96893641976712
0x33f0 ,36.30451569201374
0xcc4c ,32.73234413341886
0xc53e ,13.746990713123699
0x6365 ,24.70863212237734
0x6e1d ,20.608094707269018
0x8f59 ,19.75958573516334
0xe159 ,48.920422190097824
0x7590 ,25.723908986670416
0xd3ba ,45.681862207084535
0xb2df ,35.245545039890516
0x9f26 ,41.79245214166593
0x7281 ,30.105483724207684
0x4e27 ,33.07615538505436
0x9581 ,29.700707752754557
0x2fc1 ,17.80971951192178
0xb9fe ,38.89808461046022
0xb654 ,21.23089449763423
0x115a ,10.972638657258154
0x65f ,35.81889183628671
0xbec ,17.084427176281956
0x3228 ,47.61834337411657
0xa9b0 ,48.157143080103495
0xa9e5 ,46.59457560881794
0x866d ,24.806348010217775
0xb755 ,10.618264661154697
0x9ff2 ,47.132742503509014
0x942 ,27.127365932692573
0xb8ef ,48.666192761746785
0x640 ,48.54479908357011
0x45a2 ,44.120378218694405
0x92c1 ,21.77795568278343
0xc82b ,25.403909144077012
0x3b5a ,44.045466860674274
0x22f1 ,22.676880206251106
0xdd4d ,16.7797098674437
0xaf70 ,32.272050498334
0xa5cf ,47.44619096643124
0xa58a ,37.84119186699892
0x77f ,32.8024468035746
0x69de ,13.88705975083074
0x216b ,34.60028906796679
0x6424 ,49.60215400417053
0x28ba ,15.60336060946096
0x6def ,30.73318609454947
0xdbc5 ,45.094922877118215
0x91e5 ,39.63074471016818
0x4785 ,37.88062963981072
0xaf1 ,38.09936335948437
0xa0a6 ,24.379646048790207
0x3071 ,21.743673770579733
0x87fe ,42.374446219140545
0xb53f ,42.404535787167234
0xba72 ,44.68289274320415
0x9bf5 ,46.529622102258855
0x35cd ,30.453695954437514
0xe0df ,30.060651787487984
0x5406 ,41.931807158671006
0x322b ,35.99855723111061
0x26e5 ,38.07867509030813
0x1219 ,41.83170677744404
0x7d2d ,45.60021367270265
0xca0d ,23.51980627406143
0xc713 ,25.02331810559776
0x387e ,13.75927759363476
0x10de ,33.13120563984696
0xdc7f ,11.437690951869683
0x485 ,28.623920725298404
0x9c9f ,31.705785388303063
0xca82 ,21.461650085131375
0x7e4c ,33.63333042276043
0x86e4 ,11.220009997561977
0x2bfb ,11.493927549968577
0x63c ,42.904022426386334
0x606b ,24.407625656450517
0x247b ,15.08242050607539
0xccf0 ,30.889730402192175
0x1922 ,40.799742123944434
0xaab6 ,18.632841099873726
0xc88b ,34.91561903276001
0x7077 ,13.41389859975072
0x9ae ,12.067268846744309
0x8c52 ,31.25418526272592
0xbf68 ,31.62540486440426
0x6e4e ,35.497196059928264
0x74ef ,39.04365334890646
0x64b8 ,49.03408317850138
0x7c41 ,30.65201393204781
0xbef9 ,22.918258917649837
0x2203 ,41.80744779074815
0xe1d7 ,20.83329005048297
0x51c ,27.558856828225444
0x9634 ,13.138255253690637
0xbd8f ,11.014029736618301
0x52c2 ,48.505936587117006
0xe1e3 ,43.439204820488236
0x5038 ,37.83896824374792
0x9b58 ,26.358117776570793
0x8c65 ,16.93177280283383
0x322e ,16.257481706843443
0xac76 ,20.009715926583812
0x6665 ,31.969066588244818
0xbf23 ,38.583836908002496
0x7419 ,36.40789506870925
0x17c2 ,21.197355877837715
0x7c97 ,48.19461122652776
0x4ffb ,39.51587666783074
0x9c97 ,32.17416210045603
0x2945 ,34.46882984937409
0xc967 ,26.784002497111597
0x3dee ,19.909239580046297
0x3e69 ,24.238907146050465
0x6dc6 ,40.31384441857477
0x8c55 ,10.575739545190235
0x3613 ,14.64290562027665
0x7535 ,11.84010568087011
0x56d4 ,11.629152092758805
0xd370 ,44.21842336044029
0x8e0e ,38.146314375200944
0x3981 ,28.96695316349301
0xd9d8 ,13.91336642604006
0x9053 ,29.664635004673293
0x4f10 ,28.938870831222626
0x40a4 ,16.928074796400608
0x923 ,27.35406596951892
0x93ff ,25.94018937589494
0xc256 ,34.63400392208866
0x3127 ,35.403746034705755
0xbe53 ,11.81216039088178
0xdf7d ,24.98450458505885
0x91e6 ,35.03439662856945
0xb535 ,30.125450343203507
0xc2cf ,44.25959364753289
0xaf57 ,36.3477452647578
0xa5a7 ,16.517377083257188
0x2f1a ,12.822749896017193
0x1901 ,35.69677112825262
0x448 ,11.060452421664873
0xc82e ,33.43102325093853
0x64c1 ,47.6092096569983
0x9b5b ,33.01896711503516
0xb208 ,25.526797048260875
0x1719 ,35.73152873769413
0x19e4 ,28.330115619660667
0x96b0 ,31.8246715726374
0xd980 ,47.658592351061
0x7e69 ,25.44410551203097
0xd70b ,48.44762255295657
0x9b7f ,46.21402567824255
0x82bc ,17.831645391571858
0xd449 ,12.774452035006618
0xad90 ,14.031120055097066
0xd5ca ,10.72887302606199
0x86c3 ,13.777718430237137
0xaada ,37.320270936654275
0xcb6 ,12.847545938409159
0xd058 ,22.75902521175045
0x3d95 ,43.79501243877818
0x632c ,10.930877429433036
0x9840 ,42.578739303557434
0xab9f ,21.274190990936
0x1011 ,14.72659310486625
0x45e ,37.86948661456603
0xc53a ,35.15771387119536
0x3c91 ,45.09888054108212
0xd0ba ,39.40284175215543
0xa415 ,42.13923721539394
0xa73f ,21.281382902852258
0x7874 ,17.097581751188912
0x531c ,40.024590065634335
0x45fe ,42.27338957069056
0xb965 ,49.620205680026935
0x9a76 ,26.50470707645706
0xaf47 ,24.880723431711328
0x8d1f ,41.056518429679876
0xb9c2 ,23.632141610120712
0xd76a ,47.23029302414259
0xc526 ,44.336510073720476
0x1473 ,27.159761095000732
0x12e3 ,40.03484271165989
0x79c1 ,40.18171496338729
0xb2ae ,14.124954753437304
0xd7af ,46.102116267182666
0x8361 ,30.210094897914285
0x5a26 ,43.058298644309666
0xafb4 ,22.801984041224472
0x59ee ,45.82092913984802
0x98cd ,25.568067149366524
0x6785 ,10.433506059211934
0x7eac ,46.21527905677055
0x45a7 ,13.651467071445342
0x42e4 ,22.772545503616595
0x9982 ,48.0024786820322
0x7862 ,48.024285877502244
0xcb46 ,32.93751552493144
0x4615 ,35.27348848679197
0x241e ,27.93782087913279
0x4748 ,21.728430867922583
0x3505 ,23.14658181479664
0xd853 ,36.900738243081534
0x2c86 ,40.0949811775072
0x6865 ,41.66316174903394
0x86cd ,41.584725711782156
0x58d5 ,13.648244121947615
0x9380 ,29.776812188103257
0xd78c ,12.302350400665771
0x5871 ,31.98115529294942
0xdf56 ,27.66122005493508
0x7659 ,45.50816731033199
0x4283 ,24.036600502083147
0x5db2 ,14.682680657104235
0x1669 ,15.719667282113434
0x975d ,40.46042526869889
0x4084 ,34.728722532650444
0x1f71 ,14.04490704491161
0x2f30 ,13.364272244599897
0x7cfe ,38.0387652583648
0x8886 ,12.910520254567741
0x553e ,42.87440237161425
0xb2eb ,38.24968908625985
0x314e ,13.25395122567599
0xc430 ,13.393508563407677
0x2c0d ,49.465583140047016
0xd39b ,24.970831830244812
0x3390 ,24.825685882675636
0xbe4f ,42.5119826903001
0x3b29 ,47.88994309535435
0x4f5a ,49.44004255291483
0x7cce ,40.13512741035767
0x812a ,25.05038342123663
0xb98 ,13.34002866794675
0xba1a ,41.08587663709747
0x3d1b ,32.3361699894322
0x3835 ,26.968880369879052
0x209e ,46.25417540378944
0x7574 ,14.447899292246053
0xc638 ,29.705004171634364
0xa116 ,10.454145790696764
0x8984 ,28.74642567976505
0x7d27 ,12.252131027273494
0x2f9b ,14.752716650722878
0x529a ,14.701049871084194
0x537a ,35.968412084642544
0xaba2 ,39.84179517061693
0x1b82 ,33.334750603886384
0x71f3 ,48.486901938981674
0x133a ,24.994823180948163
0x6e34 ,21.42848345127443
0xd861 ,44.74396512757841
0x1d75 ,18.943833540778105
0xdc28 ,48.52890157762445
0x8841 ,10.486178987592654
0xa79c ,48.79515306830556
0x141d ,11.726396478023045
0xa45c ,45.645724547922846
0xe155 ,31.108044363451995
0x443e ,49.718591844772014
0xaaa2 ,12.951862589415954
0xb3f8 ,32.15417137605283
0x1881 ,48.77210142476396
0xe6b ,30.923913766805953
0x2989 ,35.1759455254105
0xb0cf ,37.829947559384685
0x41a5 ,28.18164259071093
0x1ccf ,35.10232320336254
0x5f4f ,33.372572476924006
0x5e91 ,46.04632041963956
0x6b1b ,11.817855213658316
0x6233 ,21.238527583689212
0xa83b ,48.01645936306235
0xd4bf ,45.61055135563665
0xce29 ,28.22627011142852
0x94ba ,34.80530391206147
0x5623 ,21.095247319245306
0x69ad ,17.52484638895045
0xce63 ,28.547936197599284
0x9250 ,24.134089121042113
0xd6f9 ,33.34624447403488
0x975a ,13.109385478599393
0xc478 ,48.97579230664666
0xb31d ,49.44842977918412
0xe83 ,37.92646856078981
0x5bc6 ,31.443854653764816
0x396d ,22.38110465145311
0x3015 ,42.551800788277944
0xa96f ,37.38924690215517
0x1e01 ,16.504677573795654
0xc47f ,46.4370873797537
0x5080 ,42.90148971692676
0xd451 ,47.99199653167696
0xb606 ,39.0287803355344
0xe12 ,34.536607837431596
0x3fcf ,26.729721451624755
0xab5c ,47.309139334160534
0xb01e ,44.642555580016335
0xb9cc ,11.808746804247576
0xbc9c ,11.054678979890081
0x6f45 ,25.058534675121983
0x5d74 ,42.422133231273314
0x2767 ,49.49104517259778
0x120e ,16.016675644141127
0xc078 ,33.7652286140854
0x5ebe ,25.23563426524086
0xa1b1 ,48.79657591258413
0x6967 ,43.684756925428346
0x3880 ,43.533148188445516
0x3f32 ,28.74772639179881
0x94f ,26.592780093506608
0xc966 ,20.93628287722825
0xcba8 ,12.255019866037085
0x1068 ,44.588895050202126
0x8fc6 ,42.516040365203104
0x8201 ,49.98870693144522
0xd094 ,49.86547348295622
0x177e ,32.2172682241051
0x709f ,40.75949660722042
0xac1c ,47.79062919529712
0xb441 ,43.98589562709646
0x5cb1 ,19.893924069727905
0x3b6d ,28.02176541240374
0xd07d ,15.1663766060598
0xab78 ,48.16204109034889
0x999e ,34.246985378035205
0x9a34 ,19.14571222013851
0xd78b ,36.86802737623427
0x9e2e ,34.72512961831583
0xd505 ,24.32650872131362
0x5a9e ,14.54230368798516
0x5ac7 ,36.862927823711985
0xb980 ,30.812308036151734
0x8c15 ,40.892735669425576
0x9413 ,30.806540044479735
0x8cd1 ,44.0872600127416
0x5dac ,32.07627355097942
0xda3a ,32.43751886141545
0x1bce ,45.0661441063338
0xd9ab ,26.139314648495883
0x4840 ,15.36060913802563
0x8d3a ,11.151307052533559
0x8ff ,40.20549022694476
0x6b5c ,34.81238205413859
0x78c8 ,38.163190723968945
0x4e91 ,18.51856646035643
0xc4cd ,15.45485902347079
0x1e06 ,10.581786626715278
0xb8c1 ,24.02350235226388
0xdb91 ,33.59670747418532
0x6d3f ,25.689761803989292
0xa2dd ,27.498996880949164
0xbb94 ,46.166347779749934
0xb65d ,23.930218680932015
0xdc6c ,30.559579566392433
0xa215 ,41.34612050964572
0x1be1 ,25.861711292850806
0x79ed ,34.88346800911494
0x7db3 ,44.49454834986981
0x4fdb ,47.98082494630569
0x3e32 ,15.882939237161517
0x2c45 ,47.06350500645978
0xc4e5 ,29.684651723181528
0x217d ,20.329775531958333
0x17e5 ,28.36543024953045
0x57d4 ,49.201303011419085
0x482d ,29.704723759714785
0x9a6b ,23.150064411500328
0x8d2c ,35.33603417266903
0x3c8d ,19.605824751127724
0x889d ,13.034533124346556
0x8f02 ,15.155188876425969
0xcba ,15.121833558310897
0x5af3 ,16.076107740491775
0x7c86 ,15.553086905976405
0x41c8 ,35.634989792128586
0xdc06 ,17.275203375965795
0x8536 ,23.82669133295453
0x3a97 ,45.87153639624047
0x8f35 ,28.958465610514892
0xa8f9 ,36.702309540841085
0x398c ,16.892794848065193
0x832e ,17.69156075234683
0x626f ,11.634744650659155
0xcdc1 ,16.757402522886583
0x45cd ,21.143613561278343
0x423c ,17.080419371069873
0x44ef ,13.548101350282224
0xb60e ,14.825434844024032
0x7319 ,28.43115072130903
0x3cac ,18.2533487362317
0xb42d ,24.57079444192302
0xd8a0 ,30.136690834194276
0x8934 ,37.615793145174614
0x695f ,11.572485593643957
0x317a ,41.976415956361706
0x5ffb ,35.11601557963631
0xe27d ,13.270361277954876
0x1051 ,44.94314496427109
0x6190 ,46.83489602127253
0xcc90 ,12.44311839419455
0xb15f ,21.07510592588815
0x3e91 ,42.24805119172245
0x4282 ,39.93038761534633
0x3d84 ,17.38084077425509
0x3db2 ,18.373972933468412
0x9b73 ,24.81888411165528
0xacd5 ,29.380919407640853
0x5a2b ,34.73019086121184
0x32db ,24.756545582790896
0xd17d ,28.501388645325918
0x8137 ,39.89883752535026
0xcd1 ,11.467328115623916
0xd259 ,20.09747777376083
0x70d7 ,38.5339834353821
0x63c7 ,45.808273507487975
0x5a44 ,30.467097684626644
0x4d95 ,31.284539410612627
0x8768 ,14.286880453591042
0x274a ,27.896494672938186
0x1316 ,31.304690658200926
0x5672 ,19.698820145389185
0x5d6 ,20.769729237975238
0xb33 ,25.091366524184906
0x6914 ,10.802847911109055
0xd2bb ,22.88316662332713
0x73b8 ,18.457920279861785
0x4cb9 ,23.099894087116585
0x547f ,14.790485272770049
0xa7da ,45.6210912295958
0xb9e ,33.743698142161946
0x6b82 ,37.164092765779586
0x34d4 ,41.56684954429353
0x737f ,29.93768795716229
0x91c ,13.476811523496949
0x33b8 ,31.484261672741912
0xa40b ,33.47364472083517
0x3495 ,39.8175789673732
0x813c ,27.266381849187177
0xa1d0 ,15.10321211182255
0xa97e ,21.351036231948978
0xd006 ,24.523291855945402
0xbfaa ,35.836689653264045
0xba1c ,32.83113218675648
0x153f ,24.24386903591385
0x22cc ,49.460609951719185
0x2434 ,34.230992774275485
0x9e42 ,19.48907166943978
0x961c ,14.07129890481615
0xd4a2 ,16.11436556737328
0xbcf0 ,19.838309135380324
0xcec ,16.427254930382226
0xa03f ,17.462680962052232
0x432d ,21.403806747753883
0x2e05 ,16.93494381179019
0xd431 ,45.870616985057005
0x3471 ,13.209349826465688
0x5ed ,30.980455582810187
0x9192 ,26.41587307958646
0x401b ,49.29514467634426
0x2f56 ,14.481556086722094
0x5925 ,25.914223961829666
0x4645 ,48.77881733101476
0xb48a ,44.62028503575921
0x50c0 ,42.6828828379712
0xb74c ,20.316113081797592
0x7144 ,16.835503495602634
0x6577 ,36.74572879697724
0x35e1 ,47.17503956510343
0xd690 ,32.27051572055719
0x3971 ,32.864507578795994
0xc292 ,21.199163746411365
0x8966 ,40.779717327677474
0xd32d ,17.481749942300937
0xa07e ,22.947169456169746
0xaf65 ,27.017457544656672
0x93f6 ,30.3044151473782
0xb06b ,19.696389296603208
0x146a ,14.593472989568141
0x1441 ,34.4248016976653
0x2735 ,21.54522212961023
0xa4f9 ,33.24952885690449
0x1959 ,16.174508610968093
0x4c47 ,29.2456040741927
0xc5dc ,31.303577302063434
0x618b ,12.072941472897076
0xc4ba ,23.464171127756824
0x3904 ,15.37658707755897
0x7eee ,12.53499881891071
0x5ee0 ,49.59840929559781
0x2c21 ,22.894153798988917
0x15a4 ,42.3949778341854
0x5ab8 ,20.185626190550554
0xc739 ,37.26010888895717
0x94c7 ,40.409114395587466
0x8ab2 ,33.82554962431377
0x734b ,28.863047542006335
0x32ac ,26.473636565890743
0x5424 ,23.95473066171981
0x182d ,47.18116576991304
0xcccc ,43.22477631150917
0xa755 ,48.601076426660505
0x4662 ,14.971888939421788
0x5148 ,39.23469900814577
0xb46f ,47.533618272841515
0x8bca ,17.249322646626407
0xbf57 ,12.6598506946711
0x5609 ,39.64482597160236
0xca87 ,32.978924527196476
0x7327 ,43.67315107033088
0x1b9e ,15.59089506505158
0xb28f ,41.81069247439561
0xca9d ,18.06509280190978
0x9ede ,16.54623771462818
0x1194 ,16.570631917239716
0x1fe4 ,42.58298880925528
0x6f75 ,36.60788882784801
0x4239 ,30.922616990764773
0xa40d ,24.3532193649401
0x89dc ,45.08802163252433
0x89d1 ,25.697804296905417
0xa1d7 ,42.66397757886308
0xcff9 ,27.565396342808736
0x778e ,25.077777176996303
0x5e5 ,28.507191426784257
0x8301 ,22.055114966565682
0x2ffe ,39.904375207050045
0x453 ,30.108815603699167
0x7ae ,19.28850780587269
0x561b ,45.982982930982736
0x54f0 ,25.355648854928457
0xdb80 ,31.742114444559544
0x7788 ,46.25888443858188
0xa9b5 ,34.969519836559684
0xa31b ,14.675921628334564
0x5c13 ,47.59328494453901
0x15e8 ,35.10832212285671
0x3619 ,23.396224586283445
0x3df0 ,15.570882906535491
0xb068 ,41.76100757081184
0xddc ,34.80291023714054
0xccbc ,31.33844367905286
0x6c60 ,45.75570332203831
0x390e ,41.54388844898123
0x46fc ,16.06699518931005
0x63eb ,22.46888271182193
0x6c68 ,19.93956559257863
0x7db9 ,39.757851702907075
0xbdd3 ,11.341297389431176
0x2fd2 ,32.79558739485266
0x49d4 ,40.49834742962762
0x78d6 ,45.07062547046998
0x84ef ,23.683269948636298
0x1931 ,42.850292186880516
0x402d ,14.425269478208289
0x8daa ,43.85809166938073
0x40b1 ,15.099546493279297
0xcc8c ,25.89149162241469
0x862 ,41.89181463118214
0x1b1d ,15.996697093950951
0x8b12 ,19.17005580930566
0x51bd ,38.89010273572265
0x9f4d ,38.801461461842976
0x95e ,35.645905315411895
0x19fc ,37.757937778684
0x9f7a ,31.708977733903847
0x6585 ,20.07196235627811
0x6b85 ,23.827839740156776
0x9ec1 ,17.263908672057028
0xab4a ,46.33802245334513
0xd670 ,33.33567179064482
0x1579 ,26.034056670545596
0x2c80 ,28.480232145765306
0x4038 ,47.89133358447261
0x689e ,16.13405612464321
0xbab1 ,33.44919328067189
0xb92d ,30.23554715537864
0x41f9 ,34.45816941738591
0x2c79 ,10.72440735283362
0x4998 ,44.88495635776606
0x60dc ,47.28473129934449
0x4ca5 ,32.605327343568355
0x9a79 ,37.86603295507569
0x264b ,46.89997524709183
0x4c89 ,38.28954537253595
0x4622 ,16.101561716570455
0xd1a9 ,33.05153440667253
0x3cd8 ,34.26860185531424
0x7b91 ,26.96522685209544
0xc6b6 ,39.45776942498891
0xb51e ,47.37468059076059
0x6a5a ,47.02274051627106
0x8154 ,28.033574856165284
0xc4a0 ,14.52952183363021
0xc756 ,49.39364795849338
0x883 ,43.555923457837366
0x5c2c ,14.986507248130675
0x9f21 ,46.83367530469489
0xb1bf ,44.79585448248513
0x70d0 ,30.753522285042884
0xdac1 ,33.65101742979717
0x85cf ,25.960108154805212
0x8817 ,12.190465552881253
0xbd65 ,23.407889665836038
0x5bc1 ,42.114137943920454
0x7be6 ,10.185280920184114
0xbf00 ,23.339966867645767
0x7f3c ,25.926747743637733
0x4b15 ,31.495824117516914
0x8657 ,46.79422465651042
0xbe0d ,23.853839774638452
0x25ec ,23.87812807584911
0x9766 ,39.500049924389934
0xbe3 ,28.088717635592285
0xc307 ,18.98419291759928
0xd56a ,28.097580645307737
0x7ec6 ,15.634280815191994
0x6a6f ,17.055479460248932
0x8e43 ,29.934710909579188
0x59c ,26.757017980181917
0x2357 ,46.593836042724
0x547b ,24.495755964665324
0x8db3 ,33.223534011121735
0xb1b8 ,35.29057151678121
0x57cd ,10.523778263533345
0x4f98 ,36.541494880668424
0x8d6b ,17.121438674790056
0x29f3 ,48.442812698778205
0x4fd6 ,15.946509110124518
0x67d1 ,26.58496494908095
0x5e51 ,13.413986723145754
0x48a6 ,49.87497007383789
0x851b ,30.087800413249703
0x92a ,33.81540069280175
0x8210 ,12.6830590955371
0x1006 ,39.99841881596711
0x97b ,18.396223723823432
0xa982 ,45.922171577628546
0x80b3 ,18.205585619280285
0xaa21 ,17.627508826546663
0x6e8a ,11.461986713923796
0xa05 ,28.882677804399968
0x42ef ,32.59364533050466
0x78cf ,12.628345577134095
0x7c39 ,41.02110466780042
0x2fa3 ,28.131553389921105
0x1be0 ,30.975610773103202
0x36ae ,27.630509877529125
0x3bd2 ,26.03052243501304
0x1890 ,32.38561325232872
0x22fe ,16.2096098372285
0x883c ,17.277125219810845
0x625 ,44.47142484054069
0x1779 ,47.84461848534531
0x3881 ,24.932372651190118
0xab5b ,20.82978692574215
0x22c4 ,35.75998172956063
0x5abb ,26.349366843923857
0x4771 ,11.015454226413794
0x1d83 ,16.246103894647614
0xbef4 ,38.6388891538959
0x892b ,36.356957676406054
0xb013 ,11.08383970013934
0xd76b ,18.878886477317977
0x1545 ,19.242991863522857
0x8528 ,36.87570974394914
0x36b0 ,10.788421510174565
0x3d33 ,14.164343279382955
0xd03f ,41.996643414927576
0xca0 ,17.141786482173345
0x11f0 ,36.10984431407499
0xdb6c ,19.52731124186906
0xc7c6 ,13.977655710373806
0x53e2 ,19.726887639978163
0x93b1 ,38.89067727422636
0x7246 ,44.22785872425143
0xd385 ,43.208794582679666
0x4f17 ,25.887341184738194
0x1460 ,36.723405462825845
0xa030 ,18.19937181663284
0x7040 ,21.72590921044053
0x2524 ,45.85343274084479
0x5ba2 ,10.52007694042944
0xb94e ,13.420341234178723
0x2057 ,18.315450205841092
0xad61 ,11.061288154952788
0x7c69 ,17.257417403591894
0xb5ba ,33.32166243878768
0x9c50 ,26.856982023699917
0x7fdf ,45.706868443078996
0x34fc ,42.69774246953764
0xbdd6 ,23.67269406791504
0xa105 ,20.3769373372517
0x58d8 ,25.187696326690677
0x6876 ,33.61179770059231
0x652e ,20.72254563291505
0x8d9e ,34.965956313965364
0x4fe ,26.376466087649618
0x5039 ,32.08188723407921
0x1cb8 ,27.445061165412667
0xd859 ,21.778630381676706
0xe065 ,47.938132278486265
0x39f6 ,40.54423176639043
0x9111 ,15.604527030658101
0xb476 ,44.73871903591651
0x522e ,29.497247929980546
0x55e ,45.78208907576366
0xba19 ,41.99421023789261
0x7d8d ,27.008540178769337
0xda8f ,10.898772332804697
0x60fd ,20.747094375397843
0x7310 ,31.665368586434678
0x855c ,35.33912879304589
0xb8e8 ,20.315507417328092
0x3fad ,15.574242962912965
0xe117 ,43.39720947197196
0x7e07 ,49.37608722814208
0x170c ,31.027607292107433
0xa862 ,16.86717143393214
0x1d5a ,20.892293060774758
0xafcd ,10.735627061898668
0x4862 ,46.57195226241996
0xe27b ,14.710043315605645
0x4621 ,33.06065902057014
0x2a80 ,20.96220882748824
0x3905 ,32.167120100631735
0x7dc5 ,36.056815534074566
0x3e71 ,43.18967214828807
0x7e47 ,18.256850870424127
0x9cbc ,10.439833146339218
0x8a73 ,15.475425202752291
0xcf17 ,46.0007456739242
0x8ca4 ,44.95560310250061
0x3cfb ,33.896524086812335
0xcc7a ,34.020674417346136
0x749c ,36.60146698185022
0x4686 ,17.014851144937985
0x2c68 ,46.57647783699839
0xd2a2 ,26.750820995682925
0x2db4 ,25.325541129979896
0x9bb7 ,30.7567082113135
0x4a70 ,11.878638671002202
0xb066 ,16.651334750243176
0x4574 ,39.52134465705482
0x4475 ,13.311946717005059
0x335f ,34.12608437865553
0x5619 ,19.813964387252838
0x7eab ,25.571824561679062
0xe1b5 ,21.547749470827995
0xa9fd ,24.226908658597964
0xd73c ,38.76183620736982
0x7f81 ,21.884868624927
0x6684 ,32.656185611875884
0xcd27 ,29.042016087963987
0x9760 ,36.546846614505924
0x52d4 ,47.47318957299032
0x3f74 ,39.30288388841001
0x576 ,18.59761514363027
0x1688 ,11.247325402451388
0x4178 ,20.490561771993004
0x2a05 ,33.803117228010194
0xcaae ,12.057032539370013
0x49e0 ,29.854649888049455
0x5fc ,33.873713956675566
0xdaee ,23.369755632678434
0x4520 ,40.836488149832874
0x8b6c ,14.263930125350871
0x1827 ,13.00551126943235
0x8e21 ,39.12755024814413
0x41d7 ,29.81965264824794
0x75b0 ,37.536095857109444
0x8129 ,27.39309354414985
0x2f61 ,19.856081329564272
0x9424 ,42.764092706967986
0x89a6 ,41.97663515875917
0x5771 ,37.78785883417707
0xb909 ,20.885805489198507
0xbd35 ,33.609226674763484
0xabd0 ,24.43895587760107
0xbf7c ,13.663282933065366
0x1964 ,46.692543018489715
0x693f ,15.472745236758456
0xcfa3 ,48.0094941528321
0xc6c0 ,27.84023091831823
0x2a5c ,17.405317153544786
0x21b3 ,31.676037895134325
0x7c76 ,44.91783343505633
0x143f ,39.288995456382445
0x61e ,42.26244591445799
0x2eba ,36.35133466842869
0xad92 ,37.691062580714096
0x445d ,43.96782606261277
0x9d4a ,19.98672035436744
0xd271 ,29.57699854572562
0x70a1 ,18.84837767278409
0x5523 ,49.50672031986588
0xa9a1 ,47.76237358746453
0x36b4 ,11.577072454740236
0xcd04 ,38.22300690062754
0xcc91 ,47.009932696626635
0x219d ,17.22301380509334
0x1b70 ,32.71780922210518
0x14ec ,46.619531903521676
0x3f76 ,11.357839143431953
0x4a4e ,37.8968106898736
0x5ce3 ,21.89396029490203
0xc2c3 ,46.975847815061215
0x28e5 ,48.842329806614714
0x7fd6 ,47.770659564537354
0x9183 ,28.96856866629855
0xb973 ,44.481706039572536
0x8d20 ,43.78197594140281
0x25d6 ,22.764018929730227
0xcfe9 ,43.1566189660271
0x3081 ,11.480305388619705
0x76b3 ,33.85079513928212
0x9d5e ,19.20035349150812
0x7c17 ,14.822675431091152
0xc3c5 ,13.078128065168366
0xb1ff ,37.85155103512559
0x883e ,23.594998550722647
0x8e9f ,38.990670861150456
0x3c49 ,12.614253631957695
0xada9 ,22.611613513224412
0x767f ,31.57965169501349
0xdb04 ,41.62892659355854
0x33ec ,22.7501001172828
0x9cd9 ,35.03565505748036
0x4f35 ,45.43910992944748
0x2cf4 ,34.634527527292185
0xc7c8 ,19.31837899014535
0x202c ,10.976031262261522
0xc196 ,44.803954956037195
0xb059 ,10.850776434015486
0x7257 ,44.98806690736798
0xd27d ,31.15748536108848
0x4191 ,47.56270794051585
0xdc1a ,41.951329430946615
0x2777 ,49.9173644213335
0x5154 ,24.028472618068406
0xb587 ,40.68753155724507
0x7642 ,26.077236544369686
0x893c ,29.195024812156355
0xbd27 ,35.1002185287348
0x9bee ,44.94708456745355
0x6a15 ,49.363338767971804
0x4ab1 ,40.73093655458073
0xdb1 ,26.71067128669335
0x804c ,26.854280091082806
0xa1f8 ,39.50329206355566
0xbcfe ,19.55108583073209
0xa3d9 ,14.418964525255786
0x9235 ,24.18488630563106
0x5483 ,21.48955966616327
0x29c9 ,21.8523248182396
0x820c ,19.344310041996398
0x9d69 ,11.683727585454475
0x8f80 ,10.714957389336552
0x6184 ,49.50889558944126
0x7a7 ,27.110925349434496
0x1886 ,25.373065886387266
0x7e0f ,37.18589130772279
0x620c ,18.730155514602565
0x1643 ,47.99844735800902
0xd0a6 ,41.45380057662208
0xaf12 ,13.57644009249038
0x59d ,26.703231031397134
0x8a79 ,45.164732302486584
0x7acf ,47.78928089165641
0xc6ac ,28.69606044999479
0x831d ,34.53645556842831
0x207b ,16.68135784368301
0x4319 ,49.646745045479065
0x3af6 ,19.266868055337735
0x624c ,47.709270965405025
0x3dea ,35.985865959694735
0xde9d ,34.309471795154366
0x1862 ,30.507540440660343
0xc63d ,19.226792468710347
0x98bb ,17.06112128022033
0x9b8 ,18.819448362807016
0x6243 ,17.45753048577018
0xa0b4 ,41.18337894267013
0xe1c8 ,24.005010366669204
0x9dfc ,12.313707062535855
0x4bac ,48.764105205632454
0xb8ee ,45.35143539853703
0xc9ce ,47.11009132780852
0x824e ,49.79631290585741
0x75c7 ,16.95580996877949
0x4f54 ,25.849680756106352
0xd855 ,40.32953902816365
0xa416 ,37.84082472215169
0x4bdd ,16.155836253594202
0x9969 ,42.63332499962471
0xbd79 ,18.977622873466427
0x658 ,18.952704592904922
0x28a9 ,31.478976915736542
0x51e7 ,33.71759739366813
0xb6c5 ,33.203448313512446
0xae36 ,13.659473495910195
0x531d ,45.09843450521522
0x1aaa ,20.62400170354824
0x297b ,15.180596851312167
0x7bb0 ,45.54992319475909
0x649e ,48.226059929190136
0x1cc9 ,44.48510469061802
0x2a5e ,42.38064298899512
0x83aa ,36.20967922556087
0x5dcc ,32.034294824365574
0x77ba ,13.479470396456406
0x6dd4 ,26.338128522827947
0xe88 ,24.90754068049256
0x597b ,20.39015135041305
0x4bb3 ,38.936804547543396
0xa9cd ,29.835029403150834
0x4e3f ,13.241848636305917
0x2740 ,18.80732807799245
0x4fd0 ,37.33035054638384
0x1ca6 ,13.045234379612008
0x9e64 ,44.04827656195075
0xd8bc ,29.805861080558973
0x6060 ,29.22346309306592
0x816e ,33.69631138638071
0x59b8 ,42.987238637005966
0xcab7 ,23.912368316087722
0x38ed ,37.12064610236254
0x57f0 ,32.62927855983164
0xbbc5 ,20.681130806776853
0x231e ,45.14519945420632
0x970 ,41.89704086427712
0xb168 ,36.33807338633702
0x7ba8 ,44.023269163769676
0xe226 ,44.6917680383921
0xce92 ,38.334519068601395
0x6fb8 ,43.48053313454688
0xa499 ,37.898858466771344
0x169a ,37.205630870412016
0xa4c3 ,34.74445512860737
0xcd8e ,40.10866558230565
0x46cb ,16.344204211722946
0xb394 ,45.23483036795714
0x6cf7 ,44.87374110980928
0xd87e ,11.169891321382366
0xac41 ,43.03267002259051
0x4897 ,15.154794698937808
0xb37d ,23.404754170365678
0xaef8 ,39.74033025166431
0x3477 ,16.430395841932327
0x41a9 ,42.718680964762484
0x65e8 ,43.28536711830968
0x8c03 ,30.298709350433448
0x5167 ,10.255434868673344
0xa92c ,21.48152532699651
0x676e ,34.67707673502969
0x9a9b ,49.24744712109694
0x606 ,35.272541080666734
0xd389 ,20.39214324256639
0xb780 ,35.360228123984456
0x5e1e ,31.599415188634218
0xda8 ,41.19381580604574
0x8a38 ,14.279225553078337
0x2f53 ,40.44111610008112
0x46e5 ,31.650663147044412
0x8aff ,48.51968015435978
0x2cdc ,23.674886641547445
0xa1fb ,35.304875725357924
0x6caa ,47.2811242204007
0x1a77 ,14.10038911962717
0xc561 ,47.48913948945805
0xb2fd ,37.51542889203253
0xaf4a ,12.713482364206875
0x3711 ,22.03854267787265
0xcf26 ,38.32688354581126
0xafc5 ,12.694024058750868
0x4400 ,33.28681840705093
0x634e ,23.83532227811827
0xd565 ,34.83662071069909
0xde93 ,11.829681352500515
0x9ebd ,44.86147224609505
0x29a2 ,48.939558767095875
0x2eda ,48.75511421142766
0x9e65 ,39.98607326971699
0x4df6 ,15.203449605225279
0xe060 ,40.3305278371609
0x2f63 ,10.98347665835206
0x788 ,10.88494206115989
0xbcba ,22.94440876598165
0x83d ,29.545727616186632
0x5f8a ,40.816296712311726
0x3e54 ,37.331815064260205
0x283b ,27.836108255069934
0x6137 ,20.945066651266636
0x855 ,49.884980006308446
0xcffb ,27.047252089438917
0x17d2 ,28.05548097318702
0xb655 ,16.544952847666767
0x649b ,41.79238194999718
0x2ea8 ,37.74728903125955
0x7ae7 ,18.830784511550416
0x6eae ,13.295241824633708
0xb7df ,37.21997208298853
0xc2d4 ,36.18044857124541
0x3e9c ,20.930381079928374
0x27f5 ,48.03454249001641
0x95ff ,16.04231567123601
0x1fa9 ,27.293392041704077
0xd5fe ,47.74463680670395
0xbf71 ,26.78909267704489
0xa43f ,35.541037906563425
0xb33a ,25.90377591851177
0xca18 ,20.968608093946802
0x674d ,49.359105918393126
0x7045 ,26.37336025260172
0x8d8e ,45.76396814716538
0x67ba ,19.198184235643446
0xa5d3 ,18.52418816100333
0x9a08 ,11.245363315380455
0xc52a ,36.066673015035406
0x1241 ,24.741053748950446
0xe095 ,44.57432999358548
0xd999 ,28.928396267662286
0xe81 ,48.72773711658887
0x8c89 ,17.421020628124847
0xcae9 ,44.744926718224434
0x239c ,41.06387411166967
0x4aa5 ,40.83687378576208
0xcf20 ,43.79132912467551
0xb14e ,40.440959637719956
0x671 ,35.048812865256615
0x5b0f ,15.249795107295503
0x5896 ,11.301047179650077
0x1077 ,46.83391391262747
0x2368 ,34.66601258082952
0xba8d ,41.86149163904705
0x4fbe ,29.260894060502004
0x41d1 ,14.69232755849578
0xc5b3 ,15.007431688102017
0xad34 ,37.422611489158854
0x25d7 ,27.212235795978508
0xc6fc ,18.02098906801347
0xb3db ,29.663781869657477
0x220f ,12.568357483005364
0xa64b ,33.27885607657595
0xd42a ,20.75973617740391
0x482a ,41.90236402548753
0xb20c ,22.41447835694295
0x7b28 ,28.20880596327205
0x7a5d ,10.464821596324025
0x1061 ,12.897875511782356
0x91ec ,25.699742256267392
0x77f8 ,29.19755338868494
0x9e9a ,34.00082192477215
0x9f0a ,21.66650314837213
0x6280 ,37.7992754450617
0x72de ,44.40489588756818
0x2a77 ,41.194039555733994
0x5f2c ,11.584753013934286
0x1ebe ,29.220277890313156
0x9117 ,14.197207136726995
0x26ce ,19.681800634501098
0x8a52 ,49.46650373068586
0x97f7 ,15.69982171606053
0xac47 ,29.955526138054243
0x87eb ,34.72622937272477
0x3732 ,38.098598821764156
0x86c5 ,32.385947339476566
0xa7ab ,10.390833896767347
0xb669 ,23.058452329759675
0x196e ,30.708465735388458
0x1e14 ,13.514659965793335
0xda00 ,24.025077248367232
0xda58 ,11.328124351654662
0xdcd1 ,13.14313988620083
0xc94 ,25.87693104806384
0x5db ,15.308630161722414
0x1342 ,32.70163393046233
0x523a ,37.57859876549063
0x6ee ,42.02346796436331
0x4625 ,18.006009769792403
0x52b2 ,16.699303290362792
0x9a1 ,14.18271361337601
0x375c ,35.457209981745464
0x1bff ,38.25902905947605
0x110f ,11.263445793025681
0xd37 ,47.448489849747595
0x928e ,12.078851346058897
0x1156 ,31.65185341204282
0x212c ,38.36242077803666
0x5143 ,44.83876494984342
0x4c86 ,38.56347728529711
0x9f86 ,42.069123322791675
0xda1c ,23.57800770171224
0x992c ,42.59300454986049
0x710e ,13.204593855387007
0xdda8 ,45.792666242421106
0x7b9c ,31.90369504614945
0xd3bd ,42.69191079849975
0x2a13 ,28.092731380732005
0x6ba0 ,35.743107807861
0x9ec4 ,31.056106437444527
0x3b4e ,39.263580870213275
0x399b ,13.265199281223584
0x97dd ,12.414083359622552
0xde41 ,19.884129360405858
0x475b ,16.381787204527534
0x206f ,44.87134266368807
0x4752 ,18.76855949432177
0x2074 ,49.03461023276525
0xc86e ,23.475831670844272
0x6b91 ,17.284716627547972
0x2cb8 ,41.58794028569916
0xbed4 ,36.34831102003504
0x80c1 ,29.92782865812556
0xac34 ,32.21454203750525
0x7ea2 ,38.768071130890554
0x5256 ,19.13818965325195
0x8ad9 ,49.853356642269674
0x8123 ,48.991726485871325
0x6485 ,36.01302745387748
0x350d ,17.981698037165806
0x9f74 ,37.209129697251655
0x578a ,12.887936359167034
0xc653 ,11.226100088232243
0x7c53 ,20.30731554044855
0xb163 ,28.504918269572652
0x8cf0 ,44.73090021633522
0x83c ,39.08676279065232
0x2f3a ,39.70826084799924
0xc2d1 ,27.019733377923014
0x1b5a ,23.837399701878518
0x2141 ,24.841550519384107
0x1eea ,49.505982549442315
0x235e ,11.6043676564993
0x4091 ,44.681259844897944
0x11be ,33.14701634289574
0x648b ,27.54461676758362
0x248f ,39.01030641660546
0x43a4 ,29.466757656988115
0x82bd ,44.93692952326642
0x66d5 ,46.02807456045034
0x31c6 ,26.868837074938217
0xd05 ,21.073111889402064
0xc625 ,33.69401314373449
0x35a1 ,46.49453382466764
0x9538 ,18.42648756022666
0x7a64 ,34.91866334253931
0x35a4 ,35.26240880370082
0xbdbb ,39.32452089661124
0xb64e ,15.262707405090392
0xcec5 ,38.632998587283545
0xccab ,46.36130082662564
0xad9b ,17.18732435480968
0x795e ,19.501732996955106
0x7ec0 ,48.855803761665584
0x9e87 ,17.23907810837959
0xde85 ,44.17540373478317
0x5a87 ,29.69111425792139
0x9e1f ,19.889242976127083
0x7832 ,44.829996050900455
0x1514 ,27.81221020010662
0xb775 ,30.59269415718761
0x7864 ,24.369334775990627
0x805f ,33.7180340573971
0xb279 ,16.54095490340091
0x4ea8 ,25.643261466070427
0x989 ,48.7764928934115
0xa1a4 ,20.3253373080451
0x82d0 ,36.269466581651685
0x6012 ,23.007602568987796
0xd9b0 ,40.93892502746402
0xaf7e ,15.234946428733993
0x2d97 ,48.79284180314179
0x96da ,28.15158165534557
0xd161 ,19.44201853385856
0xa71 ,12.939869893200505
0x3aaf ,16.79031620350163
0x5c73 ,30.790957942240706
0x9548 ,23.48012705725145
0x1603 ,43.15533463530438
0x1932 ,27.235500946472236
0x2f72 ,19.948570903505196
0xd0d2 ,34.6857994641612
0x9c0 ,38.27108867541783
0x6c5 ,16.681676316037994
0x7c08 ,16.704768651532707
0xcea9 ,11.466857077341718
0xbb04 ,39.45608060262562
0x77f3 ,36.552181104872204
0x641d ,28.985235029992555
0x93e5 ,43.76681795876789
0x3882 ,42.22680611800213
0x3d18 ,33.414174575870085
0xb90c ,44.73085122053035
0xc825 ,18.23364840147073
0x6904 ,14.476784775909115
0x7167 ,20.789984460679584
0x51f7 ,12.283474243572595
0x6b5f ,31.24678112004128
0xaf66 ,47.464227691798456
0x9838 ,11.573741626740386
0x45a4 ,14.884396560401072
0xdfb7 ,28.087961131337412
0x6b8a ,47.3550007011162
0xb342 ,22.64624419907002
0x4b09 ,30.289392347535696
0xca89 ,11.662914362015684
0x3f35 ,15.933728038483554
0x2934 ,49.46520491835388
0xd4a4 ,48.60474785744182
0x625b ,10.197599237376384
0x920 ,48.07247141692956
0x1d8c ,35.56479751262002
0x561c ,44.716731780800885
0x5041 ,28.189594225354362
0x1b34 ,30.62384114317001
0xc9f3 ,29.55386321027681
0xcf1d ,36.67457030184417
0x8013 ,15.586050190252516
0x28b5 ,11.198943594907117
0x8bda ,22.317197663647637
0x1f37 ,38.18723050946587
0x71ac ,18.074138084917934
0x39a7 ,36.93729733299669
0x775a ,48.79648184429082
0x9aa ,13.756028631576736
0xd482 ,36.90408472900505
0x4de2 ,27.750008772182845
0x9f9 ,44.72569017510021
0x4cda ,17.085991577895435
0x267d ,37.70503808904658
0x5981 ,43.52461158592441
0xb2ff ,47.78456877896093
0x4a43 ,37.329921131585834
0x43d8 ,29.886990560337093
0x8767 ,34.713889608048554
0xb687 ,44.756199379148725
0x4d5c ,32.82438986555319
0xdce7 ,11.215482387873475
0xcb54 ,47.23794782027911
0x97ed ,37.58107004126244
0x9b95 ,37.06053543108986
0xb89a ,18.627006095908687
0x9dc5 ,36.355418809306286
0x44fa ,25.75457622616634
0x33af ,36.04931908165968
0x5430 ,14.263721212319629
0x5e57 ,36.31381218412144
0x8389 ,49.97654903082666
0x6a51 ,11.928481554422241
0xc2f ,49.08696736885269
0x47bc ,26.276318428914823
0xc10e ,44.83013801349037
0xc282 ,41.29541936233094
0x20d9 ,32.68065043946671
0x6b77 ,39.53796837005306
0x5477 ,45.14062245205392
0xb45d ,26.165612866041318
0x5f00 ,23.081326462529546
0x8078 ,36.70373542254339
0x824f ,42.31383767765034
0xaf1e ,40.49140539106463
0x1cc3 ,41.912545954345376
0xd613 ,27.42333259251732
0xb961 ,42.71336864700086
0xc1d4 ,14.808362214824339
0xab30 ,31.779563918433983
0x6f5c ,10.230346419924864
0x762e ,22.98343319601081
0x2c85 ,24.658461394855916
0x27b2 ,25.846907664370214
0x3a95 ,37.81868826759449
0xc29c ,25.54232405081383
0xc6d4 ,27.947744904901228
0xd15f ,19.5017652349731
0x1947 ,24.930071665173603
0x570 ,19.090785090526058
0xa50f ,12.927836950737746
0x5ac ,34.137943735255114
0xb351 ,36.72851194220065
0xbb85 ,34.77961384038458
0x18c4 ,28.539761752022894
0x2fae ,25.19143120716919
0x2fed ,44.53334598287301
0x3bfc ,30.763271405448723
0x8d04 ,29.16727510518924
0x66b0 ,11.025682632257428
0x8518 ,23.649913105046252
0xa1e4 ,25.20782475143428
0xb6ce ,25.95291123587602
0x9094 ,33.20689476909329
0x3192 ,31.34410186907514
0x86f9 ,34.316203711737785
0x8f71 ,40.59533046168513
0xc83c ,42.51942954864374
0x5b30 ,38.724923049059775
0x1c79 ,48.22094783819739
0x8e2a ,10.729303307054465
0xb3e ,17.831119427341843
0x4b18 ,10.302514999125684
0xe190 ,35.89898856618412
0x779c ,45.92122195799948
0xf86 ,19.73929186305197
0x7a88 ,47.081381791852266
0xd8d6 ,12.410695611582433
0x7730 ,47.37744107222057
0x5342 ,24.064907489585377
0x9f91 ,14.05683313796866
0x928d ,29.434870367453026
0x680d ,20.271062708820317
0x6be5 ,21.394916078476914
0xd182 ,22.29159859705146
0xb907 ,42.121035913306535
0x9a9d ,31.566451067010178
0xd26d ,22.452307966240145
0x3328 ,34.41335133243673
0x1105 ,38.64602696892774
0xb365 ,20.90496002934135
0xea4 ,26.54196406101406
0xb03 ,14.875443733477901
0x53b0 ,17.245973981387213
0x3ff ,37.244714158599315
0x5c7e ,17.257533907825078
0x5a2e ,31.006535346682405
0x5b2e ,38.36185046889731
0xa87e ,14.275076923789754
0x37b3 ,32.692488785156144
0xd912 ,20.262511348054552
0xac88 ,48.517075009503195
0xde3b ,29.341825868796988
0x631e ,42.23970199100633
0x1b20 ,32.00906168625047
0x506c ,11.736501314192767
0x291f ,35.326055023760894
0x9588 ,48.05613368826628
0x7543 ,34.06447280585325
0x1c30 ,42.767554377071605
0x1d12 ,45.36825853393631
0x1584 ,19.1231908779573
0x8b23 ,18.481793596329066
0xbe1b ,34.439239554039666
0x520d ,26.441138792268188
0x794f ,43.59445211466881
0x406f ,46.000924935920445
0x1c08 ,24.136855172108724
0x5311 ,19.47482235897928
0xdd80 ,41.221020609754476
0x9920 ,20.992241421925442
0x166a ,42.90457274054714
0x9d0 ,26.94953014595051
0x4d4a ,36.70199597165882
0x2a3a ,13.821412553386727
0xb280 ,34.95437298706292
0x2a09 ,28.070707149489166
0x5988 ,33.46433852701897
0x6669 ,16.720568309794537
0x881b ,39.47494979776729
0x37db ,44.51188310172914
0xb01a ,18.669592003631024
0x7ad6 ,13.828582220806469
0x2d90 ,10.945543441853456
0xaa63 ,35.67886001773064
0xcea ,34.28376144355123
0xced7 ,31.8678965085628
0x294f ,19.277883844639017
0x9ca6 ,25.636239836220586
0xb455 ,33.77905340744692
0x68de ,29.870674354366777
0xb17 ,49.51142080859549
0xa70c ,15.457590102269325
0x76d4 ,37.80578216190375
0x15e4 ,26.172750724171685
0x92bd ,27.12798459702459
0xd707 ,38.70391062632705
0x6322 ,37.69744605297478
0x8aec ,49.65023974808753
0x471c ,15.13577157816501
0x652a ,14.164385975366653
0x74ac ,38.97355268514965
0x5a06 ,33.13547668025636
0xcbbd ,20.966426662392234
0x9bc5 ,13.176774759559464
0x9734 ,13.426329983857222
0xb8f5 ,45.76763498656473
0xccb4 ,17.674692988749715
0xce1a ,22.93486248462083
0x763a ,19.06625608907952
0x4541 ,24.199852233277493
0x5521 ,12.776953709843735
0x19f3 ,30.762391636330815
0x139c ,12.704502543688596
0x20bc ,42.014260312894464
0xb802 ,19.34848327641732
0x3faa ,31.600476584180424
0xe014 ,45.20316350245833
0x2184 ,36.03509476188777
0x13ac ,31.318311462053412
0x8257 ,22.973350124615024
0x9da8 ,23.320076522327916
0xd6a9 ,36.7794782079276
0x3dd1 ,49.7655744488467
0xb42e ,36.47356759397515
0xcf9c ,32.311336694801
0x6748 ,39.22602040956984
0x5d5a ,28.608224491348725
0xc46 ,12.405693704031409
0x921f ,32.491872635116394
0x4299 ,48.305011380215205
0xd480 ,17.012117694306387
0x2c00 ,37.600195632826626
0xb3e1 ,18.03734754636226
0xd4d9 ,31.43310737892325
0xb52f ,13.867057985868785
0xc407 ,28.014837450327406
0x2f36 ,40.24653315580984
0x29c2 ,23.902860969559285
0xa2d0 ,36.59646897948872
0x51d ,41.81799843158917
0xa06a ,47.087112779178106
0x6773 ,19.38568327421814
0x83f9 ,25.972636632372325
0x92c ,16.096640533216696
0xd313 ,49.699340086335006
0xbeed ,47.08003871697181
0x497c ,31.598285211222382
0xb93c ,43.68133177505685
0xd40d ,30.838319090881686
0x8853 ,34.94342752011039
0xb8ab ,13.564977284640666
0x3605 ,40.21081681987232
0xa47d ,15.108539345409394
0x250a ,43.04270521010113
0x5550 ,41.28112350681543
0x5769 ,38.349787909719055
0xb77e ,11.446415220990485
0xb9aa ,22.125134237813143
0xdcba ,20.524502796433715
0x2ebb ,24.405456298860763
0x8097 ,13.505709870553542
0x594c ,47.47831292124251
0x841 ,32.15208962849505
0xe0b4 ,22.22097242632094
0x5624 ,25.879260682971335
0xa08a ,27.888101620193424
0x8d98 ,34.02377333442469
0x10f8 ,30.62717710785991
0xc1dc ,46.775678928576696
0x8eef ,29.87853931623321
0x5602 ,49.6863205929325
0xcfa4 ,44.05699830980383
0x6c92 ,18.340420574293432
0x2211 ,47.22380858575665
0x5389 ,14.654655915419044
0x9221 ,42.697988339647665
0x2f5e ,25.2249317390632
0xc537 ,45.11897281780278
0x4eb1 ,44.72226760429801
0x2b63 ,42.23701600470485
0x71ae ,41.601217452282455
0x819c ,22.18716556392163
0x3eac ,13.236771322050087
0xaeff ,26.119207150606456
0x6dad ,16.940980599460346
0xa190 ,37.79804355609847
0x72c5 ,23.843989061511422
0xb534 ,49.02440803439659
0xaf62 ,35.63888309381328
0x982b ,42.899222545374435
0x9204 ,15.300986909673938
0xd700 ,44.4805792909049
0x7eae ,46.910287620535776
0xd629 ,29.482476752757435
0x7dbf ,34.2501175100391
0xcddc ,40.59239203611982
0x7a90 ,16.993545090416504
0x2b39 ,30.102643058537698
0x8efb ,25.946521110892526
0x9aaa ,15.854959686489964
0x1d20 ,24.70137689166126
0x3a4a ,12.726892375419743
0x2183 ,11.03247627797948
0x237a ,15.40665156619291
0x21a9 ,48.52460446356695
0xc9b1 ,31.98118143580068
0x20c4 ,48.6328864461288
0x7335 ,27.29991513320528
0xb305 ,22.472645323410383
0xaf8f ,30.245674513609764
0xda27 ,27.580467545316406
0xbfc0 ,14.226587370469757
0xc4f9 ,35.63305258760825
0xa86e ,18.641527300383984
0x3c3f ,34.78351819591318
0x8c21 ,36.00804369592613
0xcd54 ,16.080994125145924
0xa139 ,12.453985084426726
0x1f9c ,41.230463442737594
0x60b2 ,28.392016950772806
0x794a ,12.32655182021903
0x285a ,49.794652686790684
0x8cfd ,12.311222439854665
0x6ee7 ,37.801409154342124
0xa33d ,49.34715701053654
0xccea ,19.567204168637026
0x613b ,15.689974747487847
0x7be5 ,14.855397576897156
0x96a5 ,22.131005902703823
0xa57f ,14.041832440425868
0x152b ,37.68645366776528
0x5365 ,12.491671925202507
0x2233 ,30.37688512599159
0x36d5 ,49.86787415411907
0x3ce9 ,42.558810780240755
0xc3bf ,34.608777529240434
0x5d03 ,22.250144831464468
0xa5e5 ,34.95583345166554
0xc527 ,31.081658556466067
0xd3ef ,27.043335355614857
0x9ab2 ,15.22841506960798
0xa7c9 ,45.46416860961867
0x492 ,27.9913859528529
0x518c ,17.784900472830603
0xa344 ,24.710374035091583
0x8a97 ,26.565190101157082
0xa9bf ,43.10151582267497
0xa368 ,39.34457522245608
0x53e ,40.77219574565359
0x3928 ,10.441250577145889
0xa7d5 ,26.64615992719046
0x4dd5 ,29.253766065412947
0x8f09 ,10.767691072922268
0xa103 ,20.392528349801367
0xa436 ,40.4115929248854
0x5410 ,15.484388229159961
0x3050 ,31.412405258103668
0x388e ,18.6080748806895
0x5cdf ,10.484830985755732
0x5590 ,19.64805830398166
0x21ed ,49.03495019640215
0x7163 ,42.06148447531958
0x7e62 ,48.383065772841334
0xa565 ,29.5141617570545
0x54a3 ,14.389447947100141
0x4afe ,31.91837955894772
0x21d9 ,28.175093382398437
0x57d9 ,43.77428330958464
0x62cc ,13.923303231369783
0xc6ae ,29.529645480871128
0x8e36 ,16.00194658775937
0x523c ,22.987037075602398
0x3ddc ,39.49428309551199
0xa3b4 ,29.040725174750662
0x8f19 ,25.035531405830774
0xa80f ,25.779051142801414
0x9b9a ,28.377870736239466
0xa6eb ,41.400661753482275
0x41f4 ,45.68338755760938
0x3107 ,48.21338746015713
0x739c ,41.47613545021181
0x24fb ,22.61627582992051
0xa417 ,37.525388243461684
0xcad2 ,27.504124962215677
0x304c ,20.186824881842046
0x6f8b ,43.634863177036905
0xe1e5 ,11.537053958493
0x713c ,46.07047968541694
0x8e5 ,28.459098584989366
0x4ea2 ,35.48805907233122
0xab41 ,36.37415688823131
0x2df5 ,45.804709628261456
0x9721 ,35.466787286688295
0x9e9e ,34.55734339040247
0x26f7 ,12.666081622427598
0x100a ,30.73632087780816
0xc26c ,16.006760032681665
0x2f60 ,39.497350748859425
0x5452 ,30.48887683250698
0xd731 ,37.20911116833413
0xa4be ,11.666916024095372
0xa624 ,13.391680641832128
0xc3a5 ,38.65293552250729
0xa179 ,12.883373439946935
0x6dbc ,12.850269110610345
0x74a4 ,10.484339009395498
0x8704 ,48.2600559319792
0x8444 ,39.50033437836028
0x9b78 ,24.130056340082568
0x57cf ,21.86142325150621
0xd360 ,23.988129189833984
0x32a3 ,40.986141247247275
0xde60 ,36.45482444281657
0x47e6 ,17.407822714698717
0xb2a8 ,16.964373413363376
0x2214 ,13.935825988535893
0x496b ,36.41210878805352
0x5349 ,40.57490648886944
0x791c ,20.60185713300016
0xcf7f ,10.837798441236512
0x6f51 ,13.286866699057093
0xa6e1 ,48.71440139380122
0x8327 ,21.81779109909681
0xb86f ,40.768925913525344
0x1596 ,34.98654275417055
0xbdef ,25.277585586115837
0x7264 ,18.227490487822205
0x89bc ,14.855456726376257
0x2aaa ,34.600518721554664
0xdf82 ,40.98535122551152
0x6b59 ,35.75617014164523
0x64a4 ,31.21208532996633
0x3506 ,11.678048937265451
0xc73f ,48.739551103775355
0x8436 ,41.94856766618298
0x71ea ,21.71288146803859
0x23cd ,49.19881317435403
0x6073 ,34.07526358545289
0x665a ,33.29690632828986
0x365e ,39.922927177181286
0xb9e5 ,42.4707915236055
0x6aca ,36.25914429326011
0x7b12 ,15.123829854648001
0x6ecb ,23.530700239779936
0xbfc9 ,47.12334561304199
0x8d38 ,18.984624473754078
0x8951 ,24.886680953500534
0x4e00 ,27.28307531776784
0x1fd8 ,27.57619958777809
0xb25a ,34.51758329978102
0xd98a ,47.7230335097883
0xd1d2 ,19.6277084733002
0x2b76 ,14.860055052036723
0x410d ,17.898819594397494
0x3c51 ,45.47699600837078
0xa10f ,35.83243250620824
0x3dbb ,21.436271569566404
0x266b ,42.63787755874469
0x982f ,44.45479985453744
0x22a9 ,43.860573547611125
0xca7 ,46.75706134558218
0x7671 ,20.08964080693446
0xe229 ,40.20167714985113
0xd8b ,28.4215798909656
0x96c ,43.67994211560246
0xc935 ,39.13962708646453
0x1dbc ,41.057897859988984
0x1a17 ,36.24647350724286
0xca38 ,17.097150778788276
0x9621 ,31.80107675587753
0x8bc8 ,49.38678958098033
0x8e71 ,47.495522659884756
0x5dba ,11.726949431880467
0x67ff ,16.592592629177485
0x94fb ,15.269150938182477
0x55e1 ,39.03919639941182
0xbef3 ,42.7114131942778
0x7dfc ,18.540454652426877
0xa835 ,30.23410771807316
0xd949 ,43.628121120448
0x301b ,39.31206179065002
0xa6d6 ,31.689488219673933
0x3f68 ,33.613907618350915
0x3161 ,30.3344218766512
0x5c71 ,21.901938052752822
0x8155 ,32.600879714360644
0xd30 ,37.55541208200363
0x3de0 ,44.93291663443231
0x48dc ,35.45165415916992
0x58ad ,40.44486148172632
0x74d5 ,16.402865398182918
0xcf92 ,28.462298976791594
0xa814 ,10.373264793083731
0x158a ,19.86715458086492
0x5304 ,39.05846860452019
0x37bc ,49.67239805397454
0x7c2e ,13.967123983488637
0x93f7 ,26.05977263445153
0xb046 ,42.00283874796638
0x48c4 ,18.161425385155955
0x3eec ,32.20339797209145
0x2f48 ,39.32285184118699
0x3e3e ,34.63941801040716
0xe197 ,17.520989384616644
0xb668 ,24.215382747429576
0xa6b5 ,41.35167137941589
0xc4ef ,32.16906056528067
0xafaf ,10.20918454171651
0x14de ,40.43963040112375
0xcf88 ,11.412454197609563
0xb87b ,39.82935130924928
0xe04f ,18.099222406609496
0xbf26 ,48.32293920477521
0xa617 ,24.71763005208338
0x4a1c ,23.077264653523166
0x1eda ,15.955522013297788
0x359e ,22.224168619608594
0xbdb0 ,45.06603047312802
0xdb42 ,49.85337350508989
0x1bc0 ,24.732381220273933
0x42c7 ,27.9444252381817
0x9a38 ,38.882837528109484
0xc882 ,45.44783121860298
0xb66e ,33.721773367471364
0x8b91 ,25.661027927113174
0x9448 ,26.50487363394495
0x5045 ,37.824725859872274
0x74ec ,10.128730544171148
0xc704 ,34.78357349839363
0xd4b ,24.219720417654294
0xdc5 ,41.76789325108337
0xb03f ,13.719625592925286
0x272b ,33.52809067793562
0xcb53 ,29.23891559544495
0x38c9 ,35.693021036209096
0x6cef ,12.594143779318735
0x4ffa ,33.19935149712525
0x63f3 ,32.459383518380946
0x4b84 ,32.426403776646836
0x85c7 ,34.13950666385819
0x9e46 ,37.05871748905449
0x537f ,42.19955998723079
0x74ff ,20.792828805128572
0xa30f ,43.001976407202484
0xb988 ,29.930227290538145
0x322f ,13.082331165373247
0xb817 ,12.342037169759168
0xca6e ,23.36953274784243
0x687d ,41.3958790844587
0x6db9 ,38.30723738963663
0x23ad ,41.54459858689626
0x8b41 ,30.690762257664375
0x8dda ,27.60795991821962
0xdf9 ,15.898101068251357
0xd7b9 ,23.12771014437246
0x9c4d ,27.36077464695501
0xdf15 ,13.54401718718469
0x2e7b ,18.82447810844845
0x56ca ,33.92901176254955
0xddfe ,39.42652456956759
0x49bf ,49.93390045571799
0x1915 ,47.32453325374231
0x35b8 ,35.70260798140766
0xd31d ,26.84992213176288
0x62ad ,35.44709458832931
0x26fe ,41.42606472320928
0x1386 ,14.733447636935493
0x8d1d ,26.39619558785153
0xb1b9 ,43.59209142542469
0xb860 ,25.35331807732176
0xac35 ,32.874890849087464
0x44e3 ,33.51077443448793
0x5950 ,17.379050125345575
0x16bb ,24.489417666091533
0x223a ,23.380451549677286
0xac3b ,11.04786834128259
0x7fe1 ,10.967670555654209
0x991f ,43.26788174703094
0xdc94 ,20.922832398912497
0x2684 ,30.72315064955262
0x4980 ,21.949022943550922
0xd3b4 ,47.62716980461362
0xcb13 ,20.37187035463095
0x598e ,27.186272509557405
0x1836 ,44.909210019384076
0x7105 ,43.67734267167235
0x248a ,17.444056713851094
0xc6c7 ,42.10573239182842
0x7380 ,28.327475469515704
0x52e6 ,29.318754883414208
0x3b66 ,15.33919889663775
0xc665 ,13.224060550284985
0x973 ,39.117572278950604
0x623b ,29.858446094211992
0x8a7f ,27.474028104607182
0x8c38 ,39.18032914609587
0x8fd5 ,40.62051595964439
0xbe3c ,16.35632670677414
0xd08a ,34.40900597910565
0xd24f ,15.414163291107421
0x9952 ,40.05500344116183
0x3c95 ,36.27820625068558
0x663b ,48.26458484333832
0x1c9e ,12.758320654256847
0xd974 ,12.282188846050172
0xf4d ,21.287482987728005
0xc869 ,20.46822734943624
0xcac7 ,19.879151962879995
0xc39 ,46.250183220841464
0xd1a7 ,19.981847993980246
0x5f2f ,20.87798904514524
0xc2ab ,40.375930496718546
0x2f89 ,27.9895936980216
0xcc1a ,41.06842227820725
0x19fe ,12.614646302575409
0x12ab ,29.502847746935373
0xc32 ,11.344544007331304
0x679e ,12.50612813821418
0x184a ,46.25749813377644
0x9086 ,15.569814844703807
0x2cd8 ,31.296827291008682
0xb08b ,26.443824104028263
0x9349 ,23.893733050353706
0xc244 ,45.9933338274909
0x725f ,10.87293587101958
0x4d0 ,36.551587447023564
0x521 ,48.535777368542014
0x660c ,32.40672733847368
0x32f8 ,47.472898481323675
0x732f ,12.09031517144095
0x1b31 ,26.751732762966455
0x972f ,20.406311638482045
0x388b ,39.23283859922919
0x6f8c ,49.25188361988987
0x144a ,20.26120249776991
0x70e5 ,36.16698405896298
0x5842 ,17.923905310389607
0xd455 ,32.61321018286439
0x608b ,28.557299467533447
0x3518 ,48.88021318526148
0xa3ab ,34.341090907858664
0x6fa9 ,23.980254883472753
0xc2fe ,14.563831395517335
0x1612 ,16.04987314939738
0x7120 ,19.012677198049403
0x3c08 ,20.03866645361192
0x7aa1 ,44.024642313645515
0x2baf ,32.44891153130099
0x6de2 ,30.935636454974656
0x5a88 ,14.590754874768699
0xb1b6 ,44.4055877339774
0x3c7f ,38.91257212833935
0xa585 ,12.706734476000063
0xd3c4 ,38.313403889190745
0xc2b ,31.741528693705842
0x3552 ,13.269013829871131
0x22b0 ,28.332025661146258
0xd623 ,29.387851485201878
0x9175 ,16.63098160653103
0x9b2a ,47.82792588001129
0xa3b3 ,43.99901485922648
0xda08 ,36.76089349316433
0xbc1a ,28.491822440024286
0x959f ,26.470621663380342
0x6e52 ,36.038938686038165
0xf36 ,31.817274776276218
0xcbcf ,12.490924235275426
0x8412 ,30.500105950813268
0x5737 ,42.25614468931358
0xa087 ,28.36959510387832
0x8a9b ,12.078263102170737
0x50a9 ,41.451127975361324
0x1857 ,18.054551285438976
0x4e54 ,20.34483339552155
0xe259 ,16.588254137291834
0x402f ,23.2086025948599
0x5aea ,40.2700602275454
0x43b ,30.775434380157492
0xdec7 ,18.195250966028503
0xa032 ,45.113203126081636
0xbed ,45.18327419806117
0x9d87 ,44.82313700184028
0xb4e2 ,19.55184845526157
0x9cd6 ,28.049573767239522
0x41f8 ,49.39958624563501
0x91f7 ,40.880499052399614
0x7955 ,11.086696849022392
0x4d78 ,12.608183650419683
0xda25 ,28.557255072493312
0xbda3 ,46.368808234462406
0xace1 ,31.54807191810857
0xcc99 ,29.91250032137161
0x1c68 ,14.218947998265223
0x5f87 ,36.271204188971765
0x2639 ,42.88412642400902
0x9eb8 ,25.216800300302495
0xd6f0 ,41.0244740370131
0xcb6c ,48.57906615603247
0xd58a ,18.150658365107564
0xca0f ,30.933185247789652
0xbd75 ,21.485518323383022
0xb647 ,41.71417676135357
0xdf30 ,33.1037346352463
0xb478 ,35.38329670201215
0x61b4 ,41.916566384635765
0x845c ,25.838818906498197
0x1447 ,46.60360273628173
0x5011 ,31.3211546898456
0x955c ,16.31819291341392
0x33e6 ,37.835964726752096
0x4050 ,41.73045401753018
0x1b30 ,22.670467082701066
0x7be9 ,44.28717027995012
0x968d ,46.24573019063065
0x12f5 ,21.076179495112356
0x3943 ,49.34085890860888
0x7b7b ,15.628461121950338
0xae13 ,18.0806267360996
0xc2aa ,17.368993569521045
0xcfdc ,45.75958840031482
0xe218 ,36.17170209299847
0x6bb ,16.084171328890914
0x340c ,27.61293673473396
0x6a32 ,34.61192100279208
0x6a89 ,13.338563399575332
0x497f ,45.29665473629355
0x5380 ,42.14414141766141
0x4cdf ,30.20827094306553
0xcf5f ,48.685064610366815
0x830b ,26.710439171003987
0xa029 ,49.36441276145991
0xaf19 ,36.71679995214508
0xd60e ,35.38685093015766
0x7755 ,16.6381958118314
0x259a ,45.27711033218576
0xb9af ,27.099587516824606
0xc95e ,16.489336231299173
0xbecc ,10.50430079903036
0x4707 ,32.3902273455353
0x375e ,31.095984884907054
0xb5e8 ,38.774144894766344
0x9e62 ,45.610322120712084
0x5119 ,13.176263385721182
0x637f ,39.259859613614495
0x4183 ,17.49647776390329
0x4d9d ,44.327082126286555
0x7002 ,42.76254055446624
0x7017 ,31.631750199421774
0x802e ,38.40971194493246
0x1756 ,22.574004527349935
0xd211 ,28.846715957312586
0x9bf6 ,42.865475908418865
0xae35 ,28.370607886928557
0x44f1 ,24.311930613017672
0x3c63 ,29.768497890011997
0x2461 ,43.12997009748874
0x1c9c ,23.40832189483491
0x42ed ,16.950463725429753
0xbb98 ,38.48056081323123
0x89a8 ,43.03912850832327
0x5847 ,14.025499140941333
0x5a99 ,19.594964510237787
0x6fa2 ,15.678879590439756
0x5e15 ,23.917656463286665
0x84d3 ,28.014039156216505
0x8b8f ,39.95305347853226
0xa990 ,36.04590339526696
0x2fce ,34.837142699137246
0x643f ,24.094997864386176
0x9798 ,43.6579021233904
0x88be ,28.85148669592658
0x7493 ,49.16419752060618
0x54db ,35.36568553182947
0x9156 ,15.050589662580109
0xc77b ,37.04710248301736
0xce23 ,23.00416061726796
0xc805 ,37.4530878674439
0x3ecf ,12.78564592649623
0x5030 ,16.995257487038376
0x5693 ,44.22949035623145
0xb54a ,19.087182280940596
0xd016 ,43.4816450097176
0x6d2 ,21.171043538176416
0x7a01 ,35.71527640234831
0xdf0e ,37.76602294039324
0xbeb2 ,30.506190125802117
0x2532 ,22.21242706786925
0xa238 ,18.505775054843845
0x1543 ,11.327574182497049
0x31dc ,22.157856049628954
0xb2a5 ,36.12651162125132
0x9fb ,47.532192737939305
0x8529 ,44.84817929052208
0x363f ,40.642591061412105
0xaa18 ,41.53789373013195
0x9270 ,36.59939613903981
0xc3a4 ,20.41147430264012
0xa73b ,46.28780122823319
0x6b3a ,36.82929247623336
0xba38 ,32.4176252392176
0x1524 ,14.439578768539242
0x80a8 ,27.882221752257017
0x4f5b ,28.41433084807705
0x855d ,44.582544380906796
0x4304 ,31.865928807511537
0x9e98 ,25.216021958816384
0x894f ,49.07201314042637
0x564c ,14.428823733052628
0x8ce9 ,26.901937132477784
0x5162 ,11.680987006856212
0x4e84 ,39.59616483067721
0x3fe1 ,46.72306208796603
0xb759 ,21.201493182019576
0x6dbf ,44.33366707196483
0x7360 ,21.68872921847591
0x58e6 ,46.43080646575661
0x2ab1 ,40.158476143871354
0x429e ,42.19627107365754
0x6b3d ,10.72026222401818
0x17c1 ,48.51241428296104
0x23f1 ,39.06683968281293
0x7a80 ,22.190043815445332
0xe0d0 ,43.17578659435388
0xdd19 ,21.260847936597198
0xa9f1 ,44.910153582645115
0xdcbc ,14.50321561647748
0x50c7 ,38.14743909843183
0x6ca ,31.62793906579641
0x54c6 ,13.861378807817633
0x923c ,19.67575313035356
0x6ad ,10.496161451092592
0x28e0 ,28.750718618580233
0xac5a ,22.050610430400013
0x9dc3 ,33.934299371910356
0x8c1b ,21.88951230834469
0x372d ,21.996764460279387
0xd7d9 ,39.727727949264136
0xd206 ,11.925713439134139
0xbca2 ,46.11579980767949
0xd2d ,44.09055497564726
0xd696 ,36.71218732905626
0x2ef4 ,33.728862804295375
0xcdc5 ,45.69209992558609
0x7977 ,17.41320718114858
0x2e91 ,13.158766487633144
0x2a22 ,19.580406796381524
0xb50c ,41.78313114800761
0xbc42 ,11.386810669059333
0x5eba ,33.31227340333959
0xdf99 ,49.817500647652395
0x2f94 ,44.227843753501574
0x43b2 ,30.857827561743576
0x802a ,12.545636371465694
0x4d7b ,43.25494057542839
0x5e08 ,33.95914032708842
0x610a ,14.597319882382674
0x6c23 ,13.754291392934249
0x7526 ,46.3850727774637
0xd5e7 ,36.76801051752314
0x3f28 ,43.17147197267022
0xa647 ,45.15915601129069
0xbd3e ,32.87089408193289
0x79ab ,30.69785407020165
0x5fd1 ,27.21709641283961
0x3a4e ,22.677863511644773
0xaacb ,27.38383843434847
0x1ce7 ,40.955186229206255
0x8a96 ,34.07693724060526
0x2ee0 ,45.70093159819385
0x2c1e ,27.73520057516751
0x681f ,34.28358314875016
0x3d7d ,35.25230212367955
0x6034 ,33.66788649225302
0x3b05 ,38.10535092342065
0xdc9 ,19.49733873499225
0x8e33 ,30.494551101831625
0x3d78 ,14.168992112333907
0xc49c ,25.3804531057925
0x3ed5 ,29.506682744850576
0x9f5 ,36.088970381818896
0x35b0 ,48.02124210344814
0x734c ,34.026042661934234
0xb406 ,39.74375664706239
0x474f ,30.25064237980811
0xceec ,35.364161255053254
0x8acf ,12.837288645350938
0xd8d2 ,20.17566323367388
0xb33f ,24.474123728205548
0x13cc ,28.899734200260543
0x79ea ,11.82594982009535
0xc8da ,15.600963902132708
0xa2e6 ,21.07257231165223
0xa986 ,48.86130763604203
0xd25c ,23.25388028412203
0x7ffa ,29.2816423244833
0x798d ,17.843908509535716
0x4539 ,34.43120284303073
0x9f6c ,21.22732862063897
0x71a7 ,18.27970313753707
0x5320 ,30.66290513783916
0x11d6 ,10.220231966416833
0x181e ,10.306561305969012
0x8816 ,18.76275236407431
0xb2c6 ,11.468854500032846
0x7178 ,14.321030165227654
0xdd2e ,23.554425973550064
0x612e ,42.103427183192515
0x60e5 ,32.88194573477203
0x9d6d ,30.506709038256655
0x4145 ,21.739552928324866
0x974b ,47.270148777312656
0xe112 ,25.880601649487666
0x2ec1 ,13.48371067183086
0x7efa ,34.68266064471205
0xb6dc ,14.553535739064056
0xd735 ,23.808925712067683
0x2c75 ,30.296477548712353
0x97d ,44.96890098740703
0xde06 ,29.741863213604745
0xaca7 ,38.09035064126657
0x409 ,49.712673559962816
0x554f ,15.259564795919264
0x3abc ,20.98926102078078
0x9b01 ,25.783043023905854
0x1859 ,26.873127141553255
0x3ccd ,26.44084301062183
0x41a0 ,46.3044401022622
0x9f6 ,38.56130577867426
0x4b48 ,34.31620856362815
0x6e6e ,22.374908714511285
0x5afe ,42.95161536885179
0x6407 ,48.202420459399555
0x2bd1 ,42.84793130200906
0xb665 ,10.062604207658916
0x3be3 ,35.45605480733628
0x57df ,12.045415257684029
0x25c6 ,20.304288813348876
0x184d ,12.380988013910867
0x28ae ,34.15181811797551
0xc267 ,37.46359653970427
0x7b95 ,14.579505522636204
0xba2f ,25.353555321799178
0x6817 ,28.249460358221683
0xb4bf ,24.762120870436664
0x3792 ,14.841000019407723
0x3c02 ,26.757911607499018
0xd44c ,40.04712191233673
0xbe54 ,12.840306581330218
0x55e9 ,13.207200563276139
0xb933 ,24.19085167343937
0xc9b ,47.669028464757005
0xdd1c ,36.742905868916566
0xaef3 ,37.14679826690259
0x3a13 ,24.4767996335146
0x5c81 ,33.746431648341535
0xc87 ,10.405247361109735
0x1b96 ,35.44384185638169
0xdc37 ,46.53147790304947
0x82fb ,34.50293873379277
0x77b2 ,44.947943738653805
0x4714 ,38.95892221864375
0xd5ec ,14.822336656147609
0xaafd ,46.09813229143367
0x8513 ,12.657753774230995
0x2b28 ,31.35869890191055
0x1d1e ,15.685484951738307
0x1b8c ,10.468264429236163
0x4d7 ,26.88137040510556
0x650 ,21.80162830616625
0x2a4f ,29.44001975190412
0x5404 ,33.08799546938203
0xa6f5 ,11.749562892357893
0xa39e ,14.920131804949825
0xd3ee ,32.34569585801702
0xdd49 ,23.72669412690633
0x371c ,39.16693950197792
0x835d ,36.09166594367758
0xd5ed ,43.82417451959627
0xbc01 ,37.699713066769014
0xa08d ,27.197243095605927
0x413 ,36.9186648957773
0x8a48 ,21.01524697021674
0xdffe ,22.252539951128508
0xbbcb ,41.55940639683173
0x3f60 ,27.856780656063286
0x7f1 ,41.9352136207341
0x56bb ,42.89689494673114
0x846c ,44.30249350645135
0x44ce ,46.66540943364829
0x2b81 ,27.23940882053185
0x631f ,22.754672732845552
0x3282 ,33.28794986376455
0x1df7 ,24.846896937505104
0x5bc4 ,34.04296667200932
0x520 ,38.223434505752984
0xb119 ,37.536200739685476
0xca1 ,24.982115480804854
0x4f03 ,16.67440806795011
0x5af7 ,27.2211735384883
0x6545 ,15.70376576327635
0x5c3a ,45.60388140735233
0xbb1a ,23.835098429514296
0x463e ,16.17838988893295
0x38b5 ,11.017910396230036
0xe0f7 ,35.83289545145937
0x78fa ,35.47609269818973
0x4582 ,23.624166663251668
0x16f8 ,12.868475553906041
0x4eb7 ,26.385155795809283
0x58c6 ,22.448699802535742
0x4fef ,37.084825589400374
0x1a26 ,34.231169978107616
0x26b6 ,24.583749127901598
0x1e50 ,18.715702170199606
0xc5c4 ,49.52143864622367
0xc1b3 ,28.160064847844595
0x7df9 ,37.530969431209485
0x4c2d ,15.622118703134431
0xb5f6 ,29.423587986375914
0x3837 ,11.101468794778619
0x727 ,30.218204716417997
0x94a8 ,48.560696284708094
0x50fc ,25.368268519432007
0xb6e2 ,11.559840502996463
0x231a ,11.23823163677374
0xb6a1 ,25.51947039787478
0x998 ,16.400997458527762
0x7d3c ,10.934083853127436
0xc55f ,40.248544558007076
0xca13 ,28.340920355275628
0xa42a ,21.569790878906183
0x8bf1 ,46.00332732065923
0x626 ,14.645558408021024
0xaef5 ,48.23675315821277
0x3f12 ,22.558668695094113
0x7152 ,45.53614689234725
0x594e ,34.117715059178465
0xb22e ,43.0682943896595
0x35c6 ,49.360526528418575
0x6d10 ,21.53621751274983
0x4bde ,48.44541941630372
0x2e33 ,25.579275796096816
0xce03 ,25.420476189476894
0x919f ,23.615484170180228
0x4a46 ,31.656304293903407
0x4d8d ,16.165801727139485
0x137c ,32.14845941432045
0xc416 ,31.66819249640016
0xef4 ,40.4760725041948
0x1852 ,43.34599847750342
0x44ac ,27.617654012496963
0x3942 ,22.09332997405975
0xa2b8 ,20.373395892683778
0xa504 ,17.784953468194878
0x5220 ,12.305903287960994
0xe8d ,23.697919153388533
0xc007 ,20.80990768523133
0x98f2 ,48.65669543465629
0xb0d2 ,32.308353050001756
0x2614 ,23.891081561220304
0xb306 ,33.21870403974784
0x9cec ,15.56786805382782
0xa8c3 ,27.761749968088118
0xa587 ,35.04937285684255
0x9265 ,29.555913271698056
0x9ba0 ,26.07115202617297
0xcc0 ,49.75393555598793
0xbcce ,45.21259048595708
0x775d ,34.936238326377605
0x11b2 ,32.77509444729131
0xa69f ,34.826419192983366
0xc23a ,18.05248431289733
0x9146 ,25.805509730572744
0x6346 ,11.578381315635973
0xbca6 ,29.021841499473066
0x4238 ,31.720983358306526
0xa2bb ,19.109989444128384
0xf83 ,48.56115388662055
0x6db5 ,46.37818443748968
0x9414 ,38.88572941823624
0x5836 ,31.335465150614503
0x89b ,44.7987663859074
0x9f71 ,15.226093752938517
0x54c5 ,41.6203917709954
0xd78 ,14.992832558673932
0x8335 ,41.768426501976215
0xda35 ,21.03070273005428
0xb602 ,45.083623240727555
0x7f16 ,47.761683753015916
0x82c2 ,15.951838776204625
0xa9ca ,28.50702420261574
0xc4e4 ,49.23949512650741
0x68d9 ,29.336297438925865
0x6188 ,44.54190090058181
0x9d66 ,33.54926088525279
0x95a4 ,25.013196316784075
0x8bd3 ,21.431342221034807
0xab95 ,18.128923643443493
0xb945 ,40.47192765510789
0x95cc ,25.461620272921117
0x9d43 ,30.451018488030044
0x6884 ,29.693019200047278
0xc35d ,33.09116116932525
0xbdee ,44.62308582498209
0x3afc ,49.22957374333718
0x5d28 ,26.303368342952677
0x1690 ,43.10075688425212
0xa94b ,40.58111178618871
0x947f ,32.94115805822293
0xc461 ,48.24188574447732
0x1fee ,18.018980621136112
0xb979 ,14.370568412384856
0xa656 ,44.15847867821689
0x9ba4 ,27.56599266534993
0x734 ,43.87875416828242
0x9ffb ,45.723608207816596
0xa56f ,12.498303744762858
0x2833 ,45.33859051944243
0x23c8 ,27.932762214776886
0x551e ,30.41729956016929
0xbe70 ,35.06370044372841
0x988d ,47.05530426920347
0x4be0 ,10.76464377719056
0x2b49 ,29.073738732712684
0x882f ,37.50888169722243
0x87e0 ,38.90827830792914
0xa7ff ,37.70129726148432
0x4c60 ,15.377405176324874
0x91c4 ,21.97582353486725
0x2d95 ,24.34862101668054
0xcd16 ,42.1774883071802
0xa8e1 ,21.15039489658212
0x239a ,18.428198554688127
0x406c ,48.29792076152385
0x30b6 ,10.354531404538756
0xda38 ,49.91283422727913
0x652 ,37.07285195429583
0x4b2e ,43.13877197796468
0x14bc ,21.784775853847727
0xd038 ,10.572611106682398
0x4437 ,39.5147807424612
0x7429 ,43.36578388002703
0xca46 ,39.61904527814077
0x5620 ,15.714011492033544
0xdacb ,40.13711689027876
0xb630 ,40.75691128430564
0x7a92 ,36.3416206268022
0x4ed0 ,40.644637311823445
0x6731 ,43.836857587109286
0xc9ba ,34.544164569498335
0xcaf7 ,13.544188558787162
0xaf67 ,29.505112386688435
0x520f ,13.105973386864203
0x8615 ,26.301721241297233
0x10f1 ,26.284259565025106
0x7bd4 ,12.640393765609662
0xc076 ,23.952821358779172
0x4709 ,14.439923951652593
0xbfb3 ,42.329408400368884
0x9d42 ,47.90752103857883
0xd024 ,12.892659010317544
0xe089 ,48.20460829166806
0xb8da ,30.903063973469806
0x7d7c ,21.982627118154955
0x9d54 ,13.07448301104654
0x26a4 ,30.02497072281671
0xb430 ,41.780621779629946
0x95d7 ,38.283459090667925
0x2758 ,12.00904045855895
0x28a7 ,12.916073414716141
0xdc7e ,26.114931305305483
0x559c ,21.811619761917733
0xcb38 ,19.295372922241913
0x40bb ,21.240179956348545
0x453b ,42.139309731875386
0xa960 ,47.16912214527416
0xb097 ,26.204107781102657
0x5b38 ,46.244440085299885
0xd0c4 ,22.85982804991528
0x57ad ,29.057479453751665
0xb3ab ,19.04115991263999
0x7bfe ,35.61904168703376
0x51df ,49.15924460699236
0x89db ,34.13972384173515
0x9848 ,24.312563364541955
0xc7fa ,35.91269783962113
0x3d09 ,14.916827138615503
0xd9a1 ,45.546363210615944
0x20e3 ,30.123358031193455
0xb164 ,27.97398968158568
0x5414 ,33.434591538140765
0x244f ,34.9913545115761
0x79c ,12.871032249060521
0x905b ,37.304688848936095
0x8863 ,19.67726721262118
0x1133 ,38.55810530026359
0x9ce0 ,42.90139177536787
0xcacb ,42.15834030210081
0x612 ,32.100038696315565
0xdaba ,30.806795692430047
0x5abd ,15.715038453576469
0x246f ,41.01384601612543
0xabd9 ,20.856375217868575
0xc73d ,29.867816912717863
0x5d3a ,21.37096371710067
0x2237 ,15.353134519987726
0x4996 ,35.182307875669466
0x84e9 ,12.173281392916152
0x1799 ,39.945809365048
0xcd31 ,22.703471810444668
0x45ef ,10.005387720179414
0xded1 ,30.44516556948919
0x964e ,11.874076341104125
0x88a ,21.04678231283598
0x7394 ,38.27905949822865
0x8e59 ,12.507584864874634
0x5d6f ,43.5735396942401
0x839a ,10.152796906343324
0x45fa ,19.87295476807609
0xa4ab ,39.63616224608286
0xaac ,22.65080598917227
0x365d ,14.07569552264054
0x8829 ,24.409356752017114
0x8fc8 ,20.81573145538102
0xba77 ,43.708476086422195
0xafd9 ,22.533916703405726
0x575b ,41.55729887104029
0x5e5c ,45.67488579242939
0x2c96 ,27.35269678306118
0x5227 ,46.39772575417568
0x7b68 ,25.092722158527714
0x332d ,48.563136659604325
0x694c ,13.571580981022917
0xb015 ,37.48077066012971
0xbb7b ,29.75256161827715
0x6859 ,25.505952218225882
0x6182 ,35.30847514994404
0xa035 ,38.15428366537325
0x7c2 ,10.174530786012363
0x3a91 ,16.67812354988795
0x701 ,38.52184202537275
0x5ec8 ,36.65541654312826
0x6816 ,48.64190020514709
0xe101 ,40.44151161003132
0x3809 ,48.03090830925352
0x4d99 ,38.10162006139228
0x1721 ,21.922088345577727
0xb570 ,14.214596890034258
0xa281 ,41.272954533797424
0xc54d ,35.76596885903663
0x3f9b ,11.92744049573185
0xa220 ,24.402018636039134
0x19cc ,48.271992619371446
0x6ebc ,30.01604582840805
0x6944 ,27.309165440788185
0x29ca ,28.30798420637176
0x65aa ,18.35530896020655
0xc203 ,24.74828683459181
0xaa0c ,24.792530239487064
0xcfea ,12.094200807498897
0x5583 ,40.70270514071673
0xb5df ,26.66017727615516
0x2b53 ,42.887195472656934
0x8c99 ,44.01392004479582
0xb49 ,18.47976218794632
0x13b1 ,36.29413928680514
0x8396 ,28.89127216651927
0xc94c ,45.2062695168594
0xbd6c ,18.629627167058164
0xd2e6 ,37.11252801240177
0x1782 ,34.310084890108904
0x7b9a ,21.812059102873313
0x2335 ,15.464036146046904
0x95da ,36.065590419091066
0x114c ,39.54389832529323
0x433e ,22.625093750534
0x3669 ,35.79330416089255
0x1a0b ,25.80523630446013
0x9276 ,38.52827533130471
0x4f86 ,17.968610995762123
0x7c04 ,45.608600105446975
0x921 ,21.49638385862319
0x5d72 ,24.711439510246116
0xa41f ,12.323678083213991
0xdf65 ,14.460488492851056
0x1686 ,30.634476108493125
0xcebb ,20.70370706911886
0x65dd ,43.41920902968778
0x7a9d ,10.587735546198154
0xcbbc ,25.163761946877447
0x33c2 ,23.493821870763707
0x8989 ,10.77310523670404
0x328e ,14.974735960020409
0xad09 ,26.54570699674541
0x5078 ,29.714583377897867
0xb8b2 ,26.171589890194763
0x793d ,31.237507136483753
0x1daa ,33.80526699622726
0x6641 ,10.396952845113425
0x405d ,28.563806378140157
0x5dbc ,48.53996963550353
0xaec6 ,30.761291205181948
0xa9d ,37.10169069835813
0x79f ,22.474554316675327
0x98e ,40.959655126110505
0xca2d ,40.9168592750446
0x3fb8 ,30.851841906165557
0x751 ,49.04055293116854
0xd175 ,15.022008590506136
0x7036 ,10.67790659558324
0x8b0e ,40.80632847028384
0xb88a ,42.2862214945953
0x2039 ,14.80828916482305
0xde17 ,20.623313318344245
0x24b6 ,10.702094534665157
0x1743 ,21.732344431222586
0x54b5 ,40.92567495674686
0xa52e ,30.718421108503158
0xb9b1 ,23.923823726731523
0x9d27 ,24.86957179625321
0xa788 ,10.054145028618727
0x8143 ,21.992021102609435
0x6f3 ,35.85834966551722
0x8cfb ,48.967777752654285
0x9dbf ,43.88243307935598
0xb289 ,10.943798585821165
0x91c1 ,45.94242418699358
0xd46 ,41.327936531945035
0x2503 ,41.215044942839214
0x4147 ,28.31983036014286
0xae10 ,25.920211718180113
0x55a5 ,22.116629153327704
0x9808 ,12.627794358174631
0x462e ,19.129414539747962
0xd5d4 ,19.864145399120986
0x9ed3 ,29.363082788408065
0x2ba5 ,39.89777626386776
0x73f3 ,28.952393135917866
0xc8f0 ,12.313777977886424
0x2259 ,48.31159203952816
0x941b ,47.70897276376449
0x15a1 ,41.40758172593634
0x82ba ,49.65311606256882
0xc4da ,31.779293312010516
0x5b4b ,48.510734010128246
0x89bb ,13.024201624670031
0x7207 ,24.627229930454853
0x34d5 ,19.015250720270632
0x7c96 ,17.833323365370802
0x5593 ,15.632117955707043
0xe191 ,34.896545662639866
0x3c05 ,41.2528742298922
0x861f ,33.131935976814425
0x4ade ,15.878508383528388
0x62b3 ,42.444950797338834
0x69a3 ,35.43818828654914
0x2cd3 ,25.52662824507982
0x9d2d ,36.965211821442516
0x871b ,20.396199169713313
0xc781 ,23.80768833976842
0x443a ,46.69943372527961
0x911a ,21.620180226856817
0x29f6 ,28.799530726317464
0x97c1 ,45.605645495840584
0x295f ,38.3088540107011
0xc845 ,12.48812904658811
0x60b3 ,15.892121771158813
0x88e8 ,10.313663630876672
0x4a53 ,35.236871609166535
0x921a ,27.906937016416734
0xb598 ,15.370994036091021
0xaaf6 ,48.31736484227082
0x9479 ,31.186388957824796
0xc0b9 ,19.675731764515568
0xbd32 ,30.0241428461883
0x5326 ,37.18481330940431
0x8868 ,13.049568718942579
0x7f0a ,20.98815260191568
0x6454 ,42.278619635359746
0x46e ,28.38659481610645
0x5399 ,31.863085681291796
0x5ac0 ,27.31264008837877
0x4d23 ,11.755997705720205
0x4d9 ,16.629991192806237
0x47de ,27.821665549675636
0xbab0 ,18.367418616317114
0x9392 ,11.999161146387149
0xbc9a ,43.74598656207295
0x52be ,49.24770116656463
0x7af7 ,41.72571495986958
0x9fa2 ,44.15139686818668
0xe024 ,19.679085212681816
0x7b0d ,48.42507902052799
0xc7e0 ,17.877028178137135
0x39da ,48.05719241447329
0x2b97 ,49.79277175863804
0x3a09 ,38.46891222984195
0x44ad ,49.24574927167288
0xd93d ,32.781591182684146
0x3e0d ,20.381671327043613
0xb795 ,27.479835426624835
0x7498 ,33.742437415151436
0xb43b ,12.923262481080599
0xc31c ,34.89373058468984
0x9b35 ,49.24711347049178
0xb30c ,17.604305991349104
0x753d ,41.703804651535336
0xced2 ,46.31595175118478
0x4aad ,47.74806371280883
0xa48e ,48.40542417621789
0x6296 ,30.858385548858877
0x70f6 ,49.09231631966015
0x60a8 ,40.292408285377554
0x8adc ,16.466857449478475
0x4602 ,29.0760042587188
0x2d94 ,38.733247014880156
0x2182 ,19.893612632763332
0x9295 ,35.624607341955496
0x2bce ,36.66401916186477
0x88fe ,16.507989752342635
0x7b36 ,32.60341249811025
0xac81 ,40.86507643914431
0x30ff ,29.955826581437677
0x5305 ,10.484124671044297
0x8990 ,10.361538763171687
0x67da ,24.281173758800488
0xd49f ,47.04776273727128
0x76f9 ,19.14707118414435
0xd4c4 ,35.37454755486748
0xd392 ,18.88303482773282
0x7016 ,22.866799586381944
0xdd51 ,43.92168358405936
0xc59d ,39.15445769079788
0x3d4f ,13.815971092528425
0xcb3a ,27.148080839457343
0x856c ,11.166790545810578
0x3dc7 ,29.23560586412036
0x94ca ,36.49736046804272
0x3681 ,14.740104943926063
0xc1d0 ,21.55539755636663
0xd0d0 ,25.913465020086278
0x77b1 ,46.78124098624199
0x1504 ,49.73020061691856
0x2fcd ,11.796451959824633
0x9b84 ,40.44031693981568
0xb789 ,24.86896265609373
0x3b15 ,25.698327449179203
0x3b70 ,40.17059893388091
0xa850 ,46.73705728581635
0x7f31 ,48.037143780101935
0x88d ,33.08490344153283
0xcb73 ,24.284846372020112
0x2821 ,41.50196343435117
0x4787 ,20.04005533049201
0xdd5a ,32.56296115334071
0x7ec8 ,24.343138460994926
0x71a6 ,36.26524294831504
0xb7a3 ,19.615956515740276
0x84de ,17.66371782939303
0x88da ,46.729563467017485
0x648e ,14.072147317981475
0xd376 ,30.238316309397266
0x3e8 ,18.834111318520357
0x7d8c ,11.557198533026698
0x3148 ,11.440752731657057
0xa6be ,17.008870884233094
0x7996 ,44.67081418024001
0xc7e3 ,21.299149759081068
0x4e4d ,48.01836682301183
0xdd32 ,33.26489171956774
0x5848 ,27.464567590750644
0x9e9b ,33.20355338677818
0xd3fb ,30.66793540905071
0xa2c4 ,40.351050150293005
0x7070 ,21.29984263891409
0x6ca4 ,24.122015664012096
0x7322 ,45.76377210133003
0xaf5c ,47.85826052601622
0x39f9 ,45.70232909945898
0xa28f ,26.777919758292544
0x64c8 ,41.21462012027527
0x9615 ,29.05342933204395
0xa641 ,29.90159408584409
0x93d1 ,18.187204362291357
0x1385 ,33.64521213034066
0x5374 ,17.445435910133916
0x75f6 ,23.26258796268775
0xc437 ,44.201208064797406
0x3d71 ,18.28303236843421
0x580 ,12.846331406937313
0xcf8e ,12.760303704512651
0x4434 ,47.63138082012431
0xc308 ,30.276817518473386
0x37b2 ,26.376482872680732
0x58bd ,42.435143240316734
0x2571 ,43.43303711642064
0xd45e ,23.287641324624182
0x4331 ,37.74472229895181
0xcc3d ,40.84491263407546
0x42ee ,36.18602747463818
0x974e ,16.063802992003975
0xb60d ,45.03532334068228
0x445f ,31.563782109440346
0x35c9 ,21.298897054800147
0x2671 ,27.009127417507756
0xcedf ,11.502843615956294
0xd263 ,15.114672048896702
0x884b ,40.62187002063443
0x4051 ,10.000465390214647
0x3e9e ,26.662633139291685
0x69fe ,30.900407243423537
0x1737 ,12.185376800038892
0xbb5e ,48.92312651889331
0x2ec0 ,19.045013249986877
0x7782 ,22.167948785451234
0x2f1b ,22.157700490201094
0x5dec ,19.216666484693995
0x1e85 ,10.058952883452456
0x5a2f ,39.17379176351985
0x7a7d ,48.67381999197141
0x3d5b ,18.971739331401803
0xd9c3 ,36.5218876721369
0xc583 ,39.6758530783486
0x721 ,43.93701516362099
0xacc0 ,26.905167880544365
0xb5d4 ,22.11723622561717
0x251b ,23.011805360921244
0xd0d8 ,38.504853323940516
0x974f ,42.67117866022544
0x271e ,17.264558710264104
0xd9f ,24.83764032631061
0xd571 ,46.077607869966
0x52da ,42.26774078778957
0x3b11 ,49.39433611049903
0x7d72 ,40.16993038728323
0x3ec7 ,25.72780804111689
0xbd33 ,33.62551335978551
0x2e62 ,36.44057016989281
0xfc7 ,13.138232652684959
0x9188 ,31.779878364154605
0x6470 ,38.37283313890438
0x21fd ,16.692852160042413
0x872a ,41.22526869702229
0x19f0 ,33.35091122056446
0x1b9d ,48.08887142790378
0x3744 ,11.696891928275669
0x5540 ,20.61304550221868
0x6583 ,34.06215517199296
0x44f8 ,21.862396488237227
0x90d0 ,38.57696656284969
0x4d9e ,40.36021130087724
0x81c7 ,14.100638562658979
0xd6ea ,30.554178568270707
0xd4cc ,30.355622223642236
0x6a8d ,24.77123080862164
0x3f36 ,47.31699450278688
0xde42 ,43.10025279492885
0xd257 ,37.888375276385474
0xaec9 ,38.573065429399904
0xbc23 ,28.468645752524765
0x242c ,46.83978084386303
0xd212 ,37.783817090131414
0x53eb ,39.159242466232655
0xcd23 ,44.46763615149381
0xc06d ,20.962863573687642
0x41b8 ,42.28283615466812
0x830e ,17.80962411825968
0xb5e2 ,23.813678089795513
0x1522 ,23.424418170793707
0xaaae ,49.14101873556562
0x6b4f ,44.26148894991707
0x154b ,38.04679446361039
0xd89 ,39.082270464615604
0x4fda ,32.482911776102846
0xde49 ,47.88362668434076
0xa33e ,29.85035011529446
0xb0ba ,25.220708394795782
0x593b ,16.52141347726364
0xdca7 ,41.44822609044232
0x89a7 ,39.377757283023655
0x792a ,25.374201540965394
0x197b ,11.007736558369174
0x8497 ,43.55989310872043
0xc4c7 ,10.456719338162944
0x3d41 ,38.14799118516204
0xdd38 ,48.81028438904228
0xcb88 ,27.50645312592814
0xc472 ,19.39893619983811
0xe0b9 ,38.19484040173527
0x9627 ,42.68512568062341
0xb818 ,31.857212643113893
0x2576 ,48.681411010245846
0xbc16 ,12.066748866318445
0x2d33 ,30.191823932181126
0x72ac ,38.738157892902
0x6035 ,44.505618845967156
0x3e7e ,17.170224476311603
0xd95c ,42.00013927054726
0x94ef ,32.10828302874181
0xdbb3 ,25.862147279598528
0x1823 ,15.268601143163743
0x4540 ,44.6118303563565
0x354a ,16.290928327188613
0x60fe ,22.39151436836397
0x8a84 ,21.601821278497475
0xd9e9 ,44.85656136763417
0xd023 ,36.90811976835592
0x7c0c ,41.86725588765489
0x9a55 ,20.01871595169996
0xb326 ,34.994963984279956
0x50b8 ,32.86983932574995
0x7924 ,43.31321507153084
0x5d7d ,46.24348241925042
0x935e ,10.486270859095473
0xba5f ,36.960796762351706
0x48ae ,12.073431964789162
0x590a ,31.954346603094237
0x59b3 ,21.505309161747128
0x7f13 ,22.27106398088565
0x603d ,24.11834013809426
0x82a7 ,34.85169796198441
0xe04a ,23.36199862675077
0xaeb9 ,39.30796202361122
0xb801 ,26.181095422954787
0xcad0 ,12.734128012398344
0xc70c ,41.35039369936429
0x6c69 ,21.43033298370824
0x15d7 ,27.310675183970506
0x4601 ,37.41775532887606
0xc43f ,23.29824628594848
0xbe19 ,12.263426245868626
0x7e8 ,24.956841880512542
0xd877 ,47.777943307772134
0x60d7 ,35.66937589194233
0x5ce6 ,36.85916594668828
0x75a5 ,35.291286145505595
0x3e0e ,17.959685558377473
0x3d5d ,26.733354564091204
0x85e5 ,40.03759193453273
0xe3f ,14.054915902126366
0x96b2 ,21.11411104358849
0x46a ,21.052764338634145
0xd514 ,27.28075710378024
0xd14a ,49.214749637687405
0xd502 ,12.700101867352878
0xca2f ,30.748039775223802
0x11fd ,17.174587280488417
0x644c ,48.827061816389765
0x6aee ,14.532140189098568
0x7521 ,26.144040094463648
0x8176 ,39.51539939338425
0x12eb ,38.18217712109781
0xf9d ,26.909145475757292
0x5bef ,23.860966718108727
0x5f48 ,25.904495142114822
0x9846 ,20.571050526345573
0x8dcb ,18.21331754827199
0x32df ,29.3215879023556
0x43ac ,20.741350242704293
0x6ae2 ,21.498466595890005
0xf73 ,36.27024253898228
0x482c ,48.741493267995686
0xc96 ,34.145488022375005
0x3712 ,13.079178682598652
0x7346 ,13.02334455416268
0x7ca9 ,48.05692883382264
0x9654 ,21.891631612293345
0x83ba ,13.682679443299017
0x19f6 ,33.961783486015264
0x17c5 ,34.94595113161064
0xb46d ,35.940192804747525
0x6f89 ,20.696081114301652
0x34f6 ,10.604427368579001
0xde34 ,48.60061477817887
0x3ee5 ,20.0357218276441
0xeac ,37.0410515221019
0x6a0e ,38.26519479514838
0x32b5 ,34.40029668317943
0x2075 ,22.51629576854593
0x4e2c ,20.84385015056263
0xb4db ,33.90673130810812
0xb3b1 ,44.64382534446766
0x730f ,47.869349156935826
0x42b5 ,14.236232176150306
0x2850 ,16.193144503908794
0xda2c ,47.78945035132318
0x7ee4 ,39.461409133391705
0xbc0e ,45.319752993190924
0x29ce ,18.105305365413727
0x5cc5 ,33.50343484437607
0x1acf ,38.04558377669895
0x4381 ,37.2044754178789
0x9f17 ,26.326067634667925
0x7043 ,10.615795667652339
0x6803 ,33.317042272170525
0x901e ,20.12406156718435
0x680c ,28.010169845715613
0xba6e ,48.30324060335269
0xdabc ,25.961412705697388
0xccdc ,43.59206426657707
0x361e ,17.541624229970047
0xa1c ,36.89841992100115
0x35ab ,49.08027817755774
0x56d8 ,14.07572403491747
0x44fb ,10.33279768908768
0xd2f ,27.343311705304572
0xe231 ,13.705019322054689
0x2bea ,39.93537398704925
0x842e ,46.58194655394236
0x9637 ,27.360838908350352
0xb15 ,20.348465686217637
0x9b81 ,27.37613276026439
0xa855 ,38.93791271400004
0x9fa5 ,10.36216646321484
0xa162 ,33.578159579387886
0x92eb ,34.53166739549516
0x7a08 ,35.50752987583742
0x42bd ,19.68088319923509
0x521b ,38.56210893512507
0x8302 ,13.655659453271056
0xc978 ,17.970813458672033
0x311b ,45.09880186617928
0xd6d ,39.548926029062656
0x8e3b ,10.549822160453811
0x2afd ,19.93505041479201
0xb652 ,18.57625931972658
0xc578 ,20.832253121478903
0xe1df ,19.902390811195456
0x2a0e ,12.50105182971383
0x5815 ,28.357620663872815
0x8cf8 ,39.30933899144661
0x5765 ,34.269268988697455
0x982 ,36.91486674392319
0x8442 ,13.245967141449565
0xa7b6 ,48.059628407071486
0x151c ,43.53967335372099
0x4914 ,42.20361273982651
0x3b44 ,42.9193522016707
0x2bda ,47.30842032531045
0xb004 ,31.77015864454791
0x9339 ,18.011280714705038
0xc185 ,34.671344314101646
0x1183 ,39.71525974671756
0xae20 ,39.51669573416102
0xbdc1 ,30.857960966675204
0x589f ,12.738348773343123
0xc8b7 ,24.844517537205114
0xa859 ,46.83066433853429
0x24a1 ,33.377956390297044
0x8b70 ,31.533277730228537
0x38a0 ,20.754140575287742
0x1e7c ,24.737956796663156
0xb369 ,45.81384356612677
0x3084 ,36.65852190107343
0xa8a6 ,41.49548107009331
0x8162 ,28.173816922706205
0x564a ,35.20988877824632
0x2df4 ,19.9353443497283
0x7d03 ,38.21843321133945
0x7bba ,27.10405334813349
0xbfb1 ,27.701820592589822
0x7e28 ,35.97289298307527
0x127e ,47.451224858757065
0x5448 ,12.560253864344837
0x3615 ,42.989729493880304
0xbe9a ,21.695324416487725
0x9282 ,27.75677818025511
0xa993 ,10.87653315100036
0xdb4e ,22.041843113372522
0xc9d3 ,30.105249705205217
0x9edb ,12.24704309389756
0x41c1 ,29.643829175326605
0x593a ,47.08442515433709
0x1e37 ,14.215728724312209
0x8851 ,40.57762912302017
0x8387 ,26.386842135039707
0x78c1 ,36.206948580973524
0x1e1f ,20.409463919409173
0x6f55 ,16.37969050165433
0x96a2 ,16.41850457084906
0x7402 ,12.819677825725787
0x8ae9 ,17.42586819604972
0xdf3b ,36.56877539955873
0xae02 ,45.26762447374032
0x3082 ,42.56502742364647
0x3302 ,37.405372394979366
0xd9ed ,14.417274536444108
0x57a7 ,21.56749785183799
0xe7d ,22.392275012898757
0x195e ,19.99827785590485
0x7b75 ,30.600226388388926
0x696a ,31.4221525951869
0x5569 ,24.275439006844408
0x244a ,24.15156634945744
0x8095 ,43.14222391624325
0x995c ,41.571713932787425
0x2ddd ,22.311833267229826
0xbc39 ,46.55153775493037
0x4b94 ,48.11260068010024
0x418a ,23.069701681201632
0x8e78 ,24.176997951722193
0x4ace ,30.225366136878353
0x7c9 ,47.64483250134694
0x73ea ,45.05277732569246
0x52e ,14.102718503343592
0x3448 ,25.70922973085665
0xc612 ,32.134847589990876
0x8893 ,30.1252989020616
0x6501 ,17.75452271747571
0x6422 ,44.352670846726184
0x8284 ,37.0776313198735
0x36a4 ,43.516334994072146
0xcba9 ,44.350571173978885
0x473b ,39.93423414662959
0x3153 ,27.568424049988693
0x2550 ,34.42187020061698
0xb3ea ,16.414616244789727
0x5983 ,36.94581669899631
0x42bc ,17.170130229571228
0xdb5f ,37.75798362040627
0x4ac1 ,19.183926430158746
0x101c ,14.702052006008799
0x7417 ,16.611379605718298
0x184c ,10.07968540876281
0x6965 ,38.74958471414121
0x2e1e ,39.29604196233517
0x3eae ,30.597333996530377
0xaa75 ,16.45451204221535
0x911 ,13.34217350042759
0x2695 ,10.76515865749148
0x60ef ,16.62992707860883
0x3f8a ,45.63422139932587
0xdb86 ,19.66147366806727
0xcdc6 ,24.170853088688627
0x7c49 ,14.213819379253327
0x794b ,18.89445218992681
0x3545 ,30.768982831208206
0x23ce ,34.3101073238261
0x7230 ,19.81409256664844
0x5a5a ,12.309286369004688
0x13f0 ,25.641314765095945
0x9031 ,19.368134837053365
0x719e ,18.782156929192077
0xe020 ,48.39451210853821
0xc1d6 ,34.65201943702896
0x37c0 ,32.275137726883834
0x3dc1 ,26.631004140932877
0x5656 ,27.15777333720577
0x3aa2 ,31.636200153523234
0x1e2b ,37.85719228144429
0x97c ,38.085843847273175
0x17b4 ,16.867756308217984
0x6273 ,30.004510083065078
0xf11 ,26.478323801364077
0xc9b5 ,44.82107865077537
0x1d38 ,35.25675684873506
0x9d0f ,31.300162656639273
0x9839 ,14.615785687156695
0x20bf ,34.22551557293646
0x23f7 ,14.688156227209337
0xddb1 ,23.488263022630083
0xa309 ,15.713678592573274
0x35de ,37.682945880974756
0x9e88 ,18.250084553446104
0x134a ,25.67437492752104
0x6b31 ,45.826991104751144
0x945f ,18.17265533595881
0x5a62 ,30.312202558351164
0x5c57 ,26.77086644664088
0xd2df ,10.72496164182919
0x9ce ,41.71032454291251
0x7bb1 ,12.76183625258399
0x9c30 ,28.970200839078146
0xdf67 ,32.427131797558
0x99a4 ,35.13705826458348
0xb90f ,37.54526517231503
0x2d81 ,20.1308953409086
0x5c17 ,10.399151066337975
0x36c7 ,38.93774649419648
0x1445 ,31.426263973903144
0x5c1b ,43.44470812828995
0x51a5 ,42.855534516027774
0x11ad ,43.73304671151533
0x35c0 ,29.403786399181605
0x5249 ,23.345135833474625
0x680e ,41.6623281036548
0x81ec ,28.0517645211702
0x3f53 ,17.33768785613738
0x6a28 ,44.198960782458975
0xddea ,45.302395070893894
0xba5a ,28.652390245606803
0xbfce ,13.027989092391499
0x2159 ,25.51304359667725
0xbfd1 ,42.14150637850413
0xa473 ,46.070961141849146
0x9bf ,18.138909699903834
0xcc4f ,12.678944481010861
0x1264 ,45.094018125313546
0x9ed0 ,25.576197559155013
0x7f40 ,31.67043857070253
0x2d1d ,48.722632482030356
0x6e5c ,12.662589116568913
0xdb75 ,35.93272029808382
0x68a ,12.964216902994682
0x14db ,25.018757138660014
0xd59d ,42.15258180773787
0x12da ,27.338889310225376
0xca22 ,49.88729415611802
0xf2b ,32.36237139786409
0x8309 ,22.84648610543814
0x9d2 ,18.804453036190125
0x8b05 ,24.020821371446473
0xd78d ,24.901330950382032
0x4c96 ,12.748547108958439
0x22ec ,24.782967977070925
0x69fb ,28.569540789568997
0x2314 ,38.909510089552185
0x6521 ,36.269179388864316
0x721f ,38.35062620916617
0xd47d ,10.334547275074284
0x5d61 ,18.706695983221444
0x8f38 ,36.46737153599426
0x2eeb ,29.359574727189887
0x7552 ,10.212539026733838
0x13b5 ,42.17978569727289
0x2665 ,40.91238293161349
0xc73b ,31.936766519742505
0x1b7f ,12.658533031050885
0x6329 ,40.66060198130339
0xaa6b ,33.348543509254554
0x925a ,41.278399086318366
0x78f6 ,40.06987969583362
0x7235 ,42.12008287831348
0x2c23 ,30.720322656184994
0xc827 ,15.612980727740599
0x546d ,36.84629893518755
0xe0da ,34.818951402078824
0x7df2 ,39.69012748796349
0x8bdc ,16.79524024202941
0x7878 ,17.799007996011568
0x8374 ,45.61638068877314
0x2702 ,39.999111938082834
0xa58b ,46.32913954801292
0xfa4 ,40.348612846556826
0xcf70 ,33.88621223961208
0x221a ,36.165309481114946
0x2f46 ,45.565116957600395
0x68d ,33.15227018047762
0x332a ,35.295652973135496
0x4254 ,16.259068640144022
0xa99f ,28.95684880464411
0xd254 ,38.655884478323955
0xcb9e ,20.837707932654617
0xa626 ,18.090167220981396
0xad2e ,22.553072328976622
0x4bf4 ,19.66002511971334
0x9d37 ,18.596505481455836
0x4c9e ,26.99403371472348
0x2582 ,46.31354055534136
0xcc69 ,30.282385869548733
0xaa3 ,17.51681523261292
0x3932 ,13.078866775234964
0x4b89 ,37.84624580551701
0x51ed ,25.311950577455512
0x7950 ,42.873237863414374
0xb393 ,36.380430745630804
0xcecf ,41.84965802165474
0xdbaf ,20.87784157673795
0x75a9 ,37.69435689844232
0x74e8 ,20.562479387748752
0xa17d ,47.56273917801166
0xcc22 ,35.454971261334975
0x5042 ,22.980472007013685
0x175d ,20.780474491690907
0xdcdb ,17.637063402865742
0xdca8 ,37.785638355749114
0x46b2 ,18.748624519917094
0xd4b9 ,33.812130637099564
0x120f ,20.585401077014293
0xd16 ,36.478757791754745
0x6ca2 ,42.59758914162157
0x6402 ,41.121009725786124
0x5f1c ,40.43405323723127
0x661b ,17.508896227690084
0x6262 ,13.53539787938075
0x4107 ,37.95795313949542
0x3182 ,24.73388855177405
0xc99b ,27.293849056133894
0xa533 ,11.245963711735643
0x9a1f ,20.383057971001968
0x853b ,11.34705615497856
0x5f24 ,45.16743090404991
0xcbf2 ,19.735867328741218
0xa22a ,32.293486782920326
0x8ca5 ,11.559172826445216
0x38c6 ,36.67389565222632
0x3158 ,22.921093830163755
0x9010 ,45.91676747830663
0x6619 ,45.52472755736143
0x6ea0 ,23.011624734469912
0xd057 ,46.03843582761871
0xd6b0 ,49.846306939951155
0x1529 ,43.016626564957924
0x6070 ,43.794853910209156
0x3d62 ,19.960349444363597
0x937e ,33.06809595431025
0xc25 ,12.690236558694714
0x3774 ,13.796717472866789
0xde50 ,49.95570448133162
0xc1df ,23.06556997703644
0x80b2 ,39.92735648195386
0xbee ,42.26660212107266
0x737b ,44.320930840289165
0x41d5 ,49.90513189608626
0xd5f1 ,19.659859410274713
0x326d ,11.614033074387988
0x59b0 ,26.44766071978344
0x52c6 ,15.203226793157878
0x9bbc ,10.897035566482206
0x7277 ,24.417073085659446
0xc03 ,41.34953004300946
0x8abf ,32.647227649002836
0xd8d3 ,22.511119568414163
0x79e8 ,36.173680219708785
0xc9b7 ,19.280727212352428
0x8c5d ,10.575257842883401
0x15ba ,40.574135457457096
0xe63 ,34.949723394560365
0xd7df ,40.4921049800384
0x8e19 ,11.557520667506624
0x3102 ,43.48478511322609
0x7263 ,34.781048001452135
0x5884 ,32.535814028505605
0x6e4a ,34.984561924581264
0x6266 ,44.577329874734566
0x23b3 ,33.47746026235628
0x42d ,33.238015195527176
0x6a82 ,49.62716628263063
0x5c37 ,40.26920668274272
0x138b ,27.691752218045412
0x97f2 ,38.29588000131711
0xde30 ,25.569218867671538
0x1dee ,19.15501849933996
0xca96 ,33.874075075510376
0x85ae ,47.12728392455806
0xca33 ,47.16558080061851
0x196c ,23.676211124219613
0x196f ,31.107098648867797
0xbaf8 ,18.46543594279445
0xac53 ,49.825244379955336
0xb1e5 ,49.24471631471743
0x6762 ,35.980357188297894
0x41b9 ,42.17656238709893
0x7b72 ,38.604006451348
0x6077 ,33.72632876157873
0xc6f5 ,12.133919879555908
0x72f7 ,28.19057370210644
0x4b2d ,36.99145208669642
0x9e09 ,37.101264555347385
0xd8df ,24.924904736895343
0x4d12 ,47.667679466321225
0x32f5 ,16.694281289471242
0x6b1e ,30.014377848622424
0xe0c7 ,37.63535906203291
0x3877 ,37.88543223567237
0x6eb3 ,35.94555827075262
0xa608 ,21.01152853807441
0x7eb7 ,16.248262747464878
0x1ee7 ,35.437613073068434
0x39e9 ,33.97208464557751
0xd578 ,17.174240411569638
0xab31 ,38.205565822822535
0xe165 ,28.206879669346257
0x3e29 ,36.71042366412612
0x1b71 ,43.49468319080603
0x6bd3 ,16.78913714307693
0xa877 ,10.765794719873467
0x135d ,41.16410345583147
0xb229 ,34.38789700610464
0xcfdd ,37.98558278488487
0x32b3 ,43.5261989995457
0x90a0 ,42.11243739298002
0x2519 ,48.436805877152985
0xd377 ,31.437403154084727
0x153c ,29.539825306396214
0x637c ,26.075487995629203
0x40b6 ,16.14764171376818
0x3709 ,32.9042893152809
0x790b ,21.08050097303915
0x27e3 ,46.85230048851902
0xb8bf ,33.327632171083906
0xcdab ,33.713607220324405
0x1356 ,24.1969864350804
0x5fc9 ,12.0795740791083
0x89b2 ,11.269750614919545
0x52b6 ,26.9334057661279
0xb03d ,13.382615123889515
0xca09 ,34.273878221605564
0xdf83 ,45.2389202255863
0x4ccb ,45.31659266074889
0xe0ce ,36.3618164052893
0xb42 ,18.44927325891724
0x95de ,44.519873254354884
0x5e4d ,45.44373741252833
0x50be ,17.866143398118346
0x2e24 ,39.49704343082709
0xb176 ,21.46078195708492
0x84fe ,42.10561249411719
0x1699 ,49.889515996144105
0x43a3 ,11.201040213175713
0x2326 ,45.894634631637274
0x4502 ,34.90522134394632
0x5518 ,48.93530476659285
0x37a0 ,28.600380701057105
0x1a35 ,43.89551722285495
0x969e ,12.495762743931088
0x48bd ,23.411162003131828
0x49ee ,12.680661510048399
0x14dd ,49.01372533916282
0x2d77 ,42.67895629087347
0xbb06 ,44.10189684983882
0xe24d ,47.51860925735577
0x9216 ,13.404139444791415
0x2a93 ,25.423903700533334
0xaa91 ,12.841395561760084
0x7d9 ,18.431724062001145
0x2896 ,19.174631081506895
0xa7b ,28.764288441903147
0x3cd5 ,20.742486698145704
0xa603 ,14.039124272710444
0x5936 ,16.699643563764308
0x76f4 ,15.891022542083636
0x2b09 ,48.923071916491935
0x8790 ,40.37170027673894
0xb357 ,48.71045861078248
0x669b ,27.589619460316342
0x71fd ,21.134739266506266
0x40a9 ,41.93172788836747
0x5756 ,23.05015672164587
0xa467 ,21.97533494821393
0x4cc2 ,19.300239688313248
0x6787 ,15.187159128969414
0x9894 ,20.25852244067064
0x3000 ,24.21278993895551
0x56ce ,36.95976832582922
0x1b88 ,12.502593688778063
0x282d ,18.420277586613718
0x92e ,42.360945611667056
0xa0c1 ,15.87687694335083
0x9176 ,23.70580586090086
0x43bd ,44.5863568743256
0xd0e1 ,16.197012445737705
0x28a0 ,13.309473424727596
0xc094 ,29.381519803200433
0x117a ,22.096780451141456
0xcf0 ,32.53633457935416
0x5cfb ,42.152195619339004
0x6911 ,15.485939526109727
0x5a33 ,33.227963382171396
0xd5ef ,30.220350415594556
0xc25a ,15.763151440527983
0x7687 ,34.9599394211593
0xcbbf ,20.945616714430866
0x72fe ,29.5133727417605
0x54fd ,13.290892971082474
0xce2f ,28.383362288544923
0x57b5 ,22.258538721712814
0xbcc2 ,42.895248447414176
0x2e04 ,12.279149079894731
0xc690 ,26.7442909967332
0x50e9 ,28.33725696525752
0x3b56 ,39.00024305196475
0x2418 ,32.97150300360844
0xa37d ,36.68849348776724
0x4fe5 ,41.08197142607025
0x2e03 ,44.48811894632755
0x5938 ,22.55501986889882
0x838e ,31.52090821455612
0xca79 ,43.604323137567995
0x91ef ,49.57804523860226
0xdd72 ,45.580772441750526
0x5364 ,24.858690504975073
0xb333 ,17.806660688746017
0xd704 ,29.575701496263548
0x3f0f ,39.66565807344169
0x4987 ,29.702762830131903
0x33d8 ,29.32723453254674
0x4674 ,43.529216843272025
0x6e4 ,24.456151162687455
0x52ef ,44.391786992465825
0x8c9f ,26.272192038068944
0xb399 ,23.129324227133576
0x1ad9 ,28.15959644798796
0xdc16 ,40.49787834699474
0x2ac4 ,15.040081114559772
0xe1d0 ,17.856768634880694
0x1c0a ,48.057793026523676
0xc166 ,17.019665095254297
0xd9fc ,32.709092717242186
0xd968 ,33.17257866647751
0x84f0 ,29.58497848200979
0x266f ,35.78980994307274
0x8f8b ,19.193069031904738
0x7da5 ,32.10649071106993
0x7275 ,24.886930209875885
0x9f33 ,36.46669038516756
0x8690 ,15.648941734925979
0x630 ,32.83509667357905
0xc409 ,17.410814215332948
0x644d ,21.145722524601457
0xbb19 ,18.748392012943327
0xa1a1 ,17.313511194752685
0xb3c6 ,43.02843806242668
0x448d ,21.428302706435613
0x30e3 ,47.084951274577975
0x68a3 ,48.797061013807635
0x8bcf ,32.8504187974839
0x45b5 ,15.720044906629056
0xa4af ,24.98192973518325
0x68b3 ,41.90929053392856
0x5b5e ,24.69562914788282
0xbcdb ,13.480688732111549
0x1997 ,32.27139643712752
0xa599 ,43.80483405984139
0x1407 ,41.837055485740095
0x7c5e ,17.00492560521413
0x4d5d ,36.91058457649867
0x4110 ,18.820170537425884
0x7216 ,18.72830138208689
0x5c8b ,44.96287093220741
0x40ea ,19.986758109609205
0x72af ,20.52989386072045
0x8873 ,10.026135630451982
0x5de9 ,44.82676136502071
0xaa30 ,41.70379252836539
0x61f0 ,35.09315740362712
0x1fda ,40.01063055755369
0x5d4b ,16.081942696979674
0xd9c1 ,28.33294378350302
0x51db ,24.048775493951236
0xb80 ,13.75106105028066
0x18b6 ,29.445219408596962
0x6c70 ,46.829586013705416
0xb521 ,11.60236476202778
0xc61f ,21.658436539751754
0xa4e7 ,18.30163744822814
0xd556 ,19.525866146627852
0xb12b ,46.337382075175015
0x1185 ,28.722762169371606
0xcade ,28.65197651759275
0xa024 ,40.42302569821129
0x57b ,16.17968816019703
0xb8d ,29.490614164002032
0x32c3 ,27.19940856484239
0xb217 ,33.87642762186624
0xd244 ,49.98230813001754
0x6680 ,40.77795576328188
0x8c63 ,25.91462812069709
0xc981 ,43.10212209096188
0x92b ,16.828334532499206
0xe23 ,11.218547452358404
0x4486 ,18.17793489857092
0x28d0 ,23.616462244570386
0xb3bf ,30.423230298382396
0x24bb ,34.60516562164799
0x7fb3 ,46.42422868857687
0xac79 ,30.394160382018306
0x9e45 ,30.051025785029175
0xbff8 ,12.009720392919284
0x4e04 ,11.396462106248952
0x5b63 ,32.046398476654886
0xdd2f ,27.52714452993378
0x8674 ,43.567215799211944
0x79d7 ,16.427183388473807
0x6d95 ,10.998866484681983
0x56d5 ,27.961550717205036
0x1205 ,19.4991422700903
0x32a1 ,11.984574933553498
0xa4a4 ,38.98393147390516
0xa023 ,14.4637199982899
0x880 ,34.33278000031087
0x918c ,21.241990006675564
0x3f9 ,16.93984201420088
0x4db4 ,25.190060916772698
0x3254 ,42.057831048918146
0xd323 ,25.683743076182907
0x7519 ,40.03078596844223
0x38f0 ,15.019451871966027
0x30e2 ,40.91085678660316
0x243d ,19.477332996265947
0x810d ,37.09572519555491
0xa646 ,32.631262193639856
0x7545 ,47.165788688467494
0x6cc5 ,25.49290071901256
0x6829 ,12.646607553377617
0x4e12 ,10.766219422050117
0x9124 ,43.07434243891012
0x806 ,30.989425506457287
0xdc54 ,41.00976207339797
0xa3ba ,19.377024000460587
0x4fe3 ,23.80334982052935
0xc726 ,11.204154888452758
0xd0f ,48.459692982964484
0x58ba ,36.71471626803254
0x5217 ,47.32820351037225
0x785c ,20.619856297162894
0x34c4 ,34.458544449026434
0x150b ,37.13999873170551
0x487b ,22.701988010303538
0x86a9 ,43.9243694006252
0xd34a ,47.88645851600991
0x3d75 ,45.394204707840174
0xb2e0 ,39.5626790375749
0x5339 ,21.09858718899816
0x7fbc ,21.264641684225268
0x4b87 ,48.53441281784151
0x8fd7 ,10.411379837427681
0x7b9d ,38.641998929685776
0x7bbb ,38.24984650221049
0x8bd5 ,34.907581637991896
0x8a4a ,49.604353843474634
0xbe84 ,22.47517743054901
0x8a5b ,23.598874551729928
0xcae5 ,13.157576117862222
0xc1fb ,27.711925461749498
0xa65b ,20.441941049393925
0xcb86 ,23.73546808710577
0x8a67 ,43.38287161022511
0x811 ,47.41938054109983
0x26ae ,17.429322880207426
0x258f ,24.900357262138634
0x97fb ,47.145222484615765
0x163a ,12.472338427568905
0x849d ,13.69442112445514
0x6ac6 ,16.511639568249173
0x560 ,33.80851336507499
0x6924 ,16.018890840239898
0xba27 ,48.72305525802934
0xb66d ,27.868581090340815
0xe1fc ,30.060718414006654
0x4fcd ,19.86634463221626
0xaa1a ,28.83841009738934
0x6ab2 ,36.476545305480464
0x56f9 ,40.04708547816171
0x3aeb ,40.15472330839652
0x524f ,33.115644507763534
0x6f81 ,46.17439099975429
0xa662 ,42.696313892244376
0x8a1d ,40.281924587945014
0xadc6 ,12.224220867218424
0xb541 ,10.275118488785973
0x7278 ,18.497891087818918
0x930d ,36.54094375653809
0x8e9c ,26.44789955530183
0xd1aa ,26.09625037197247
0x5247 ,45.38347552918455
0xe249 ,45.82251392527355
0x6a96 ,46.36701056214343
0xcd4d ,22.55512306060109
0x5a1e ,37.64223250957047
0xc36 ,20.865327250974786
0xdefc ,17.62439332297799
0x908e ,17.38529829389477
0x636c ,23.68430483454376
0x2710 ,27.198304791192868
0x7ea5 ,43.23796684220274
0x21c7 ,14.795643738908485
0xbf5d ,39.397033895795765
0x3a6d ,31.258196567572213
0x7464 ,21.5178137070397
0x1b3b ,29.712783381312985
0x1ad5 ,21.997682791080905
0x1dc4 ,33.84327820953224
0x8801 ,27.353756914209768
0xa1e0 ,16.57622116315515
0xcd0a ,14.663322982227868
0x4362 ,31.867827282885205
0xcfd3 ,46.09652133144414
0x15c4 ,23.75830746230742
0xe18d ,39.320004288904926
0xa541 ,36.34645419759068
0x351f ,47.26219657237924
0x2951 ,42.839240691965635
0x3a79 ,32.66421035621852
0x15e2 ,36.28121992936429
0xd54b ,45.935458663361395
0xa21 ,25.98075138347739
0x535b ,23.071788234311093
0x9c24 ,10.432443345407854
0x67de ,43.06204296765857
0xc5b2 ,42.039228016134594
0x87e5 ,14.178180724006054
0x2d19 ,33.07429524530801
0x506b ,28.559267926675496
0x8d4 ,14.748363820364458
0x2a03 ,49.22272908242894
0x4c74 ,18.58783549853422
0x4dec ,12.689367203622446
0x268c ,33.79389518007638
0x4075 ,39.554667085321306
0x8632 ,11.297737841887479
0x1fb6 ,36.34870554908089
0x48fe ,31.291675038058177
0x494f ,14.130600355001937
0x8cee ,16.900955077854483
0x47f9 ,32.71897189264322
0x2838 ,21.854304540531537
0x7c12 ,47.53262914605264
0xba57 ,42.74960917936203
0xa445 ,49.342688260546524
0xdbe ,20.38683355801656
0x271f ,48.78894531191908
0x9149 ,27.249354791662313
0x9375 ,23.900751812550183
0x3a6a ,12.01398107877413
0x3b67 ,12.110610314384104
0x24cd ,37.68045023786619
0xd828 ,28.317159777361116
0xdbbe ,19.060865041444227
0xa736 ,34.55881225300931
0x9ad1 ,20.114324730004448
0x3503 ,33.1052701737769
0x8413 ,24.368349879307615
0x186e ,42.94208906447276
0xde92 ,42.82784643067117
0x99d6 ,29.094015924896052
0x8b5c ,24.032764373400624
0x7021 ,24.50239186236378
0xbaf ,42.22858102672872
0x274c ,23.12717931190448
0x3db0 ,18.36237494827384
0x2117 ,13.387533675012273
0x499e ,28.667724835376337
0x2a1d ,29.285283956793677
0xba37 ,43.636348416116284
0x83ce ,18.84954785784256
0x7c00 ,25.239650946735996
0x895e ,42.336229555747636
0x2b3f ,42.94494442995894
0xab91 ,25.384443039150728
0x2b8f ,28.364960931467238
0x166d ,22.131435633971318
0x6205 ,47.30219513677248
0x4d5e ,14.745750629663213
0x8de7 ,47.3499769200588
0x2660 ,37.35465807341373
0xc0c2 ,31.26288610746925
0x61c0 ,11.306362431379835
0x8e8b ,29.023847672880333
0xdae6 ,26.309924200109293
0x12ea ,16.448752479004902
0x14fc ,36.25638414002628
0x72c7 ,48.846036294731434
0x9cd2 ,32.487552442581006
0x8474 ,38.59013105775783
0x4952 ,12.738018102640671
0x5663 ,26.70667983267979
0x692a ,14.654339406579835
0x32ae ,34.511833421460416
0x8754 ,47.539286328566185
0xb4e0 ,36.47110929886554
0xa0d6 ,13.072121932576861
0xb2c5 ,24.186648199403315
0xb315 ,32.02653517763406
0xc5f7 ,26.128310245330088
0xcd56 ,43.34576041900689
0xda59 ,42.58684018839957
0x907a ,34.47324080412886
0x68b9 ,24.93831780530821
0xe1f ,20.213454950529766
0xb6b8 ,14.234972728525172
0xa4f1 ,24.19590733946216
0xa0f ,26.526900688308782
0x1004 ,37.03291700416295
0x24e2 ,36.32639297190294
0x70d ,12.804325585650279
0x1826 ,25.810372617246312
0xb8f ,17.271154688694477
0xe034 ,16.27250821267223
0x1714 ,43.09208598948984
0x4f82 ,11.676608668650301
0x30e8 ,26.767315036084852
0x978e ,16.728146230660727
0xd2c7 ,45.17320862713896
0x6eff ,32.28162053100141
0x2180 ,19.25522545507392
0xa66f ,30.097091486655057
0x2af9 ,39.25945438812463
0xd5e5 ,48.32472035677735
0x8a57 ,18.81784016981676
0x6db8 ,45.44727088517381
0x6fe7 ,47.37216456669961
0x6e73 ,46.65682178128265
0x18dd ,35.416574274476396
0x7a0 ,35.192826177388305
0x7e12 ,26.12842532735291
0x4b67 ,40.09591529215152
0xd5de ,31.251760734037276
0x38fe ,37.09752284913178
0x78bc ,27.13831615395182
0x6751 ,39.259858561725565
0xcb36 ,42.97886070418196
0x388a ,15.857450264112645
0x8749 ,43.31718862296912
0x606d ,31.61186127161229
0xa23e ,43.78663636360897
0x3d6d ,27.252068253640584
0x2081 ,25.1616194153214
0x82ea ,46.6024293006889
0x961a ,20.04677070193605
0x6446 ,43.76849301144573
0x21aa ,29.360822900376164
0x9230 ,30.56381770205039
0xccbe ,22.33873125957936
0xe193 ,32.92168802476063
0xcac0 ,23.00844785104845
0x440a ,11.570776569666092
0x6544 ,20.87994421377424
0xb54c ,10.255161736263627
0xc3f6 ,49.13419148227427
0xd158 ,48.6298883927899
0x1ac8 ,25.8062118988922
0x5cc6 ,39.13483417358584
0x858e ,23.832243936417
0xb702 ,36.84372628343904
0x1431 ,42.21720172183916
0xcba6 ,47.87024978768963
0x3f51 ,26.00849103398688
0x3bce ,41.33191931824191
0x4a07 ,20.637138025284752
0xa844 ,49.61329215174593
0x2b67 ,11.030783950574046
0x7da3 ,34.14115226004484
0x56b ,36.38023926605308
0xdb5d ,37.521822282965154
0xb051 ,14.815503151563561
0x71cf ,47.541191338925216
0xddfd ,17.247331162003313
0x485c ,34.910136129593646
0x327d ,18.907043164923397
0x39d2 ,22.288656680850835
0xbe76 ,31.858341669124975
0x1fad ,26.68773674258306
0x7ce7 ,16.409024039060252
0x562 ,16.837456096833932
0xc10b ,26.725791526511987
0xb270 ,40.29131913102003
0xcbf0 ,45.91858587391154
0x88a0 ,13.365106490375315
0xc6d2 ,25.72415630237604
0x4ae9 ,14.009822548915064
0x7a12 ,10.663699225303915
0xc6fe ,36.468747305758264
0x9488 ,34.09797767866351
0xcfc1 ,16.52076455259545
0x45a6 ,19.352513323722565
0xb839 ,10.948310145780734
0x5bfd ,43.39788822777615
0xdafb ,48.98762384194206
0xd99b ,15.418381471787633
0xac9 ,19.259008550611924
0x1d02 ,44.73638095787736
0xa2a9 ,47.058551918247396
0xa591 ,26.785095312272414
0x57cb ,12.024898890762966
0x53c4 ,11.575673347712776
0xc22f ,32.95799464276042
0x987f ,25.715804355727162
0x6862 ,11.14609710310618
0x2488 ,33.33009569250227
0x7a8c ,10.452101463560899
0x41e2 ,41.494878325970916
0xb8f3 ,22.257312908134864
0xcc9f ,11.610320120369284
0xbde1 ,33.53408883932613
0x8580 ,25.90737657732219
0xe25b ,48.95201653428598
0x1df0 ,31.76794650014809
0x5c30 ,21.009567241480333
0xa9c2 ,38.37755458535899
0xbeff ,20.859680101708452
0x5e95 ,46.1697316563026
0x4b4a ,24.988878820295056
0xe205 ,31.99474251104821
0xa34c ,12.022924152969154
0x240e ,27.04484951808923
0x1e2e ,43.2945415864398
0xd7cb ,42.22595221453368
0xb8a5 ,18.97274235414105
0x50a6 ,19.043162840422507
0x4879 ,42.69221248852947
0x32ec ,47.21593680677302
0xfcb ,13.814436850920142
0x7324 ,28.00234557704901
0xcddf ,23.498171158569157
0x5574 ,44.827538218297576
0xde80 ,13.34099658720075
0x50d9 ,18.445037702321496
0xc5ed ,40.098733503459776
0x5ae6 ,12.051753959248623
0x151d ,29.70141522857157
0x46f4 ,27.6842813871888
0xe104 ,23.376047159549948
0xb3c0 ,25.782892612756953
0x80dc ,31.19762347720932
0x3563 ,16.454694335535326
0x3b45 ,32.87983513134371
0xe6c ,42.21729317199945
0x23af ,40.40643719160636
0x4f93 ,16.155996187750947
0x7ed6 ,15.969978789658956
0x57ca ,20.726974709796533
0x827d ,24.44298905364149
0x505a ,26.338223256339305
0xb324 ,37.18788867333381
0xa88e ,12.267217286633416
0xcb69 ,11.386908169042655
0x70b4 ,25.67642251775636
0xd3cd ,37.88654768551922
0xd64b ,17.737413718259305
0xe04 ,35.66017925025007
0xc01b ,20.393125517611978
0x3b6e ,45.44344435254065
0x82b3 ,45.82759777066466
0xd2fe ,21.89148817125306
0xb6d5 ,19.19975015852962
0x4f7b ,26.45215888264925
0x344d ,19.621263407205948
0x2559 ,36.895353731668145
0x5c61 ,43.04258738193142
0x3ba5 ,36.92368523644868
0xc560 ,42.97401788997398
0x6f80 ,25.879686488298965
0x2882 ,16.252678828354433
0xa0f3 ,39.51803789590369
0x27b4 ,24.418980205662155
0xd9a7 ,36.8508330091653
0x7139 ,20.825757679270627
0x6868 ,13.249185392266906
0x6f41 ,49.70327181951053
0x7d89 ,16.24806031722397
0x6d3c ,49.536839758539244
0xb1ef ,49.09119730265789
0x6ada ,41.752724156321584
0x7287 ,36.3769184832799
0x88db ,33.11228201004339
0xddb4 ,44.64406181511339
0xa2fb ,21.577580864779517
0x27cc ,28.70724849939508
0x975c ,34.775598774660075
0xdde7 ,26.447619034779642
0xcb7 ,27.09945816361072
0x480d ,23.211386700083377
0xc60a ,32.56927266738144
0x18f0 ,44.02298112060464
0x691b ,18.061135120252516
0x8e34 ,47.37732155013766
0xdef7 ,37.56350614992919
0x1d6c ,42.93092850720121
0x3b55 ,32.247627705200465
0x3370 ,41.18066805696254
0xb9ce ,10.648015893578687
0x37da ,42.73521699118141
0x5880 ,11.605554363414662
0x954a ,45.5965350545145
0xd5fd ,49.67850988954573
0x1b10 ,21.762698487071113
0x7e89 ,18.412742251431744
0x3d07 ,40.61453455432163
0x26d1 ,20.121053636810128
0x48f0 ,44.62249532688814
0x92e1 ,14.113703686299068
0xd7f5 ,15.038207855174331
0x7291 ,49.16606220402463
0x6194 ,36.953555930800185
0x5020 ,43.87548897715811
0x56c3 ,22.97317509406072
0xf38 ,37.05934998082418
0x6fc5 ,33.769673092343886
0x98d9 ,34.12600480491788
0xaf43 ,37.301298381508865
0x516f ,33.01436692516394
0x9d30 ,27.162494772106637
0xb821 ,21.036907775221874
0x1fbb ,40.74325323652808
0x9e1e ,19.050897200127448
0x9e82 ,37.694172246176564
0xd971 ,19.333312905973067
0x826 ,35.01320679817815
0x3e79 ,39.883130685161156
0xa2b4 ,18.748555556261568
0x3551 ,12.397732034452332
0xbeb4 ,15.238949719766964
0x6697 ,34.23987869084102
0xc519 ,43.97785624902942
0xc0c7 ,11.799872849416975
0x5b10 ,39.36605036166585
0xc7f3 ,23.652745838002083
0x3c6e ,29.1411347967809
0x3334 ,47.154381993822625
0x7bbf ,23.278860189433818
0x14ac ,28.61347735757944
0x846e ,10.547296590427244
0x816f ,13.263948800193536
0xbdf2 ,20.34366364539136
0xaa81 ,11.114089632842976
0x4638 ,35.25501304193004
0x31ba ,27.055934272064903
0x9af4 ,31.92580810912088
0x65d9 ,16.985887435853183
0xa01d ,21.837281177464646
0x5228 ,36.552978994109004
0x2990 ,48.612108945215994
0x999a ,12.016670944088368
0x35c8 ,45.615372834210646
0x34de ,33.07524805244834
0x6738 ,32.55678267022495
0x68cd ,30.011141408310415
0x6cfd ,12.775763436167335
0xce70 ,13.595074069446426
0x5ff8 ,34.036480226363445
0x6d6a ,23.63834285742233
0x9eff ,46.69072266310722
0x71dc ,26.26362149437889
0x1d44 ,15.731258348105644
0x6aa4 ,38.58875334008144
0x2115 ,21.734136857640394
0xb60a ,31.018812294235726
0x8797 ,37.9133114202068
0x1f21 ,46.01056444808282
0xbd12 ,41.68764779206705
0x808f ,37.054442714908966
0x98ad ,37.18532729580574
0x2e4a ,47.83698576128346
0x3992 ,21.83296389986144
0x3263 ,10.044483767847495
0x8ef6 ,20.87818237592795
0x59bd ,18.71565518506976
0x498f ,36.473383404559925
0x6de9 ,35.34846399062116
0x9596 ,33.73845530818895
0x3f91 ,10.649737728378149
0x9df6 ,39.1511221780259
0xad05 ,22.94121649941966
0x5df8 ,36.60223956026525
0x994e ,32.26313714008613
0x2e10 ,23.709237017116287
0x9b8c ,15.38305068416431
0xaa51 ,13.776755906419238
0xb715 ,43.26073332448894
0x26c3 ,46.73590168326232
0xce4b ,35.99152187057199
0x9a5d ,14.137364594419335
0x6520 ,26.081088675529628
0xd2ad ,39.15756800420629
0x489c ,41.192835360402725
0x8d26 ,14.728744891643544
0xb5b5 ,10.001228753815298
0x1943 ,38.4854818352242
0x14ca ,24.263847039448226
0x12d4 ,20.17925326473041
0x5206 ,10.515898791581018
0xa23c ,31.611976270459987
0xd2c5 ,44.04602941703927
0xc8aa ,48.30526585090352
0x1ae4 ,32.62979802453157
0xc9dc ,30.578453109595767
0xcc0a ,13.402255419569645
0x8844 ,31.95491206170399
0x62aa ,25.199163158615786
0x7b5e ,34.285411235343076
0x2a56 ,25.54905391506187
0xdcf8 ,19.61196493801467
0x97ca ,13.79861100913506
0x7b1c ,22.59673778355583
0x7197 ,13.86579337151009
0x5d4a ,17.07587803295936
0x9e7a ,49.49344634318184
0x5992 ,27.764142276264746
0xabec ,31.274870660200662
0x3f0c ,44.944741149488614
0x5bb4 ,49.82275601962751
0x4e88 ,33.30857797378726
0x5bb0 ,42.498952841766865
0xa9bc ,23.077640973467012
0x3027 ,22.229758297891642
0x23d2 ,26.10814883978241
0x7753 ,36.900290506945964
0xafe9 ,37.28766757020395
0xa997 ,22.60957738597803
0x5d02 ,15.328396965465148
0x1b04 ,35.29585025862034
0x4418 ,15.133034487550582
0x195a ,33.1397003291732
0xd807 ,37.73688512225236
0xb2fb ,38.02445985577806
0xc86d ,40.13888442638387
0x9e8f ,44.91437686262658
0xc6e5 ,29.998359678591537
0x3277 ,39.209967581182845
0x8c2d ,34.76690941463347
0x4245 ,17.465597591907304
0xb88c ,11.027585794776327
0x1c1e ,21.38165542707735
0x577f ,27.721348253504775
0xb923 ,34.68423777714625
0x649f ,43.998373220128215
0x713d ,17.849828668246627
0x5759 ,15.021991595939085
0xacff ,48.5391978989731
0xcb04 ,14.321782375056284
0x49d5 ,29.13964280428757
0x5bb5 ,33.42254915173208
0x6c66 ,31.65497683629753
0x31ef ,13.441286281317728
0x2a99 ,12.281076560144776
0x6dd7 ,14.219337098441427
0x4a16 ,33.4235073549045
0x2271 ,31.773795505372846
0xe105 ,19.34963168146977
0xc86b ,35.51096567382366
0x41e5 ,42.802700082225975
0x8c8 ,11.66315839386375
0x8f18 ,29.925197741921696
0x6267 ,37.57241648410761
0x2400 ,20.092477082787482
0xcdc8 ,22.310836211725963
0xa65f ,34.54551611957535
0x22f4 ,45.917411737749475
0x8370 ,42.39697681211597
0xcf34 ,33.32520876398334
0xd46d ,39.20886871028997
0x2247 ,24.592898808311947
0x4025 ,35.63862112395031
0xa2ee ,28.647263645102278
0x4c0d ,17.59744545830244
0xc113 ,38.069530955090286
0xa610 ,32.25858549395288
0x3e31 ,24.344863278143656
0xdbdb ,46.45356760314523
0x896f ,10.83736471306933
0x596f ,22.63092604997984
0xaf3e ,12.275255911105862
0x2f49 ,40.661092648865086
0x2944 ,38.084298164551704
0x2950 ,23.25408874945268
0x24df ,37.02651608828292
0x80b7 ,25.837489047837995
0x5967 ,40.25015165689737
0x4891 ,28.167346509468242
0xadd3 ,26.49118911326662
0xb27e ,47.389196619532036
0xd918 ,20.03516399562801
0x4e0f ,14.817893599862618
0xa071 ,33.38172453037833
0x4bbe ,48.77287249136715
0x6185 ,25.113568549087468
0x4fcf ,12.48147054515126
0x3313 ,23.572210692382697
0x2ce9 ,30.237266172782338
0x7ba ,16.47692026528855
0x103b ,36.32408872225968
0xd299 ,49.90997556040802
0x6a98 ,28.069579039257754
0xca45 ,24.189142269208507
0x68e2 ,26.028166673378664
0x8760 ,14.605847135808045
0x5791 ,45.33094405704895
0x2863 ,26.593026220854078
0x66d0 ,25.490976456993653
0xc632 ,36.38761091721897
0x3a8f ,27.68133683724494
0x5ca2 ,35.92933875231384
0x834 ,12.4578516052315
0x6a9b ,42.5489337488891
0x8981 ,47.6201581151761
0xd631 ,35.95061544637544
0x199f ,48.18263715435243
0xa26b ,16.05729257479853
0x33f3 ,29.09664757921415
0x4925 ,34.07226935781789
0xda0f ,33.269465896847464
0x8d8a ,26.05847116356173
0x5b60 ,23.523376374650454
0x2924 ,15.072960902016753
0x7ef9 ,25.669698022491126
0x26f5 ,16.506432604219405
0x2fe4 ,39.374627059688734
0x1a7c ,18.3532374197836
0xac6 ,12.342612211381354
0x8f78 ,32.094645512689375
0x16a9 ,33.80918930877606
0x3fd5 ,44.87652245122022
0xc759 ,33.079264496707275
0x41cb ,23.81923414893783
0x2643 ,42.12047526105282
0x7c6a ,31.611155727496843
0xd3f2 ,13.17121138524767
0xbb18 ,32.634022412529866
0x2c62 ,46.320741816866494
0x1aa5 ,25.85250501992882
0x7e9d ,21.853032075992004
0xe103 ,15.738778280720801
0x525f ,16.057820877414294
0x6406 ,27.310859373672756
0xc3c9 ,33.82719296646118
0x7266 ,13.22461620678407
0xdc4 ,47.58274356100663
0x724f ,40.20534469780784
0xa037 ,33.464956731346504
0xa62b ,43.13754683755963
0x9193 ,13.207470272484532
0x6bbd ,29.073555109324975
0x45bc ,35.20372507446653
0x9618 ,43.14611624473157
0x8355 ,41.33878240197071
0xa735 ,21.082769988535986
0x3eb9 ,47.63520678236817
0xc7ed ,14.973833657234813
0xaf71 ,45.005344744846084
0xbbbd ,48.837609984184745
0xd4c3 ,17.086140928905024
0xcce0 ,38.88264256815141
0x410c ,11.611420751119939
0xbe60 ,26.216913005566198
0x9288 ,30.651331967906962
0x4a99 ,33.225809036385364
0x8152 ,47.43748992994238
0x1040 ,36.89002749176779
0xd383 ,29.25111804876948
0x5a9a ,42.38700145063557
0xc96d ,48.02131283817636
0x51e9 ,10.882645947291634
0x4aa8 ,49.30085089024155
0xe0b2 ,13.445285562547213
0x28b3 ,42.575471170750454
0x4d0c ,21.2133901020565
0x34c3 ,15.287186310154869
0x66b2 ,27.594225588553396
0xd628 ,35.75826317790454
0x535a ,25.238073800939
0xdf09 ,12.182616331307958
0x56c6 ,33.97844558634866
0xb794 ,46.09613104442699
0x7e32 ,25.32861463789007
0x3a01 ,18.65331110523308
0x2181 ,27.703093837312615
0xbe96 ,11.934508441951234
0x34c9 ,42.81950337921099
0xa3ef ,43.05363243800747
0x2adf ,33.52001853718514
0xd2f0 ,24.12411555753558
0x34ac ,41.99133457783133
0xac7b ,32.187480991534684
0x7e53 ,43.03729234200065
0x8275 ,35.25835170332083
0x6d97 ,41.37621892851189
0x5135 ,33.9425197287104
0x67eb ,26.56564272862665
0x9140 ,48.3178343970455
0x9a8c ,31.644552995153788
0x2397 ,34.203580741621536
0x2c92 ,18.819505576589968
0x21fa ,35.02603157709106
0x1534 ,32.864305979317756
0x981 ,17.393535917880996
0xc4ee ,12.38348389412575
0x1a66 ,34.174372788590844
0xa1d2 ,40.54769077401282
0x100d ,30.93605483688033
0xcf71 ,19.07090501278583
0xdb57 ,36.660879067721396
0x2e59 ,13.20422906438409
0xc746 ,27.673348192078183
0xba3d ,16.53467033593681
0xf27 ,17.378362042395334
0xea6 ,18.091757966328146
0xb1a7 ,25.468282281759116
0xa6ef ,12.046008224815905
0xd6d8 ,25.911737637163927
0x8a6c ,30.468297884588033
0x6c3a ,29.331771398653007
0xc3c6 ,25.311364016121622
0xb58 ,43.5658643228301
0x5bcf ,15.813067696820164
0x315b ,30.227869751254957
0x4895 ,12.481656678262173
0x2241 ,12.84622715511639
0xaaea ,32.95463398708385
0x6453 ,32.64073699551284
0xd071 ,45.12134051377828
0x8209 ,32.314947026402926
0xd119 ,48.391640816194005
0x3811 ,11.94779393599719
0x624d ,13.920307391229642
0x6ecf ,11.762634462815257
0x120b ,17.4110740133416
0xd231 ,31.650804437667123
0x90b0 ,35.82288725709712
0x5ec1 ,11.823406317946752
0x634c ,47.83883559382397
0xd2a8 ,43.68661506601524
0x9d3b ,21.864499286283724
0x38d4 ,13.087501209058718
0x6e11 ,16.79548292876229
0x9322 ,15.077776550198907
0xd0a1 ,14.931351171957875
0xde07 ,30.742467546629356
0x2086 ,19.833897699736013
0x250b ,24.325588661165778
0xbe75 ,49.580213335372896
0x73bc ,37.37256995701379
0xd438 ,47.959226681880054
0x8409 ,15.702262201324624
0x4886 ,25.28557899330277
0x60d5 ,32.189272131294175
0x6ab6 ,13.07032247554952
0x461 ,10.167497745118315
0x86f2 ,36.817373351876704
0x4916 ,35.672780672057414
0xd432 ,26.43155239998447
0x426b ,29.585763041281304
0xe0bf ,26.617720023683585
0x2f14 ,10.960201793795555
0x2017 ,23.414864248698496
0x7ab ,17.083290215891594
0xda88 ,13.93696756405475
0x4fe6 ,48.268817355573994
0xb0e5 ,33.974389001686625
0x7252 ,39.14625136946411
0xf07 ,22.6145497306447
0x863 ,25.72588517976061
0xd0be ,19.47695975586894
0xa891 ,13.87862683861699
0x735a ,17.16126549766335
0x5046 ,41.90056181185943
0x4b93 ,37.10183220735103
0xaa09 ,31.877155039419076
0x3830 ,29.00359491467072
0x1ed1 ,46.89737134624498
0x811b ,12.909397911146737
0x8cb ,21.224032529516638
0x1889 ,23.997514142828564
0xa58f ,41.29703248851151
0x8fe7 ,49.70058480647885
0xa3c6 ,19.626820590286123
0xdc07 ,44.972293365483225
0xd85f ,43.22491041727165
0x3781 ,18.986295905670666
0xcdff ,25.973303207968904
0x6824 ,26.386914771700766
0x7c4 ,49.12882674106233
0x1180 ,17.235676055155935
0x988a ,41.96631884419128
0xa38c ,23.367708566924396
0x3d40 ,39.23481383104642
0xc563 ,26.800440171826516
0xd7e0 ,33.1343905246616
0x6002 ,43.304470933045245
0x5c69 ,42.166622599355364
0xcdd4 ,44.65692734158801
0xb0e4 ,12.384693013786361
0x1d07 ,37.682022121589796
0x7483 ,15.599495068870514
0x4e8f ,26.632742720736438
0x7f9f ,31.94353660218754
0x46b6 ,26.10957938987323
0x6607 ,30.7844670321203
0x98fa ,49.861052351944764
0x1523 ,15.408692548514189
0xbd47 ,37.018241813457024
0x7328 ,25.840038655424607
0xa810 ,15.32039195629315
0x491a ,16.349470534972383
0xb55b ,47.97092424982468
0xd5c3 ,45.184059868470484
0x2ee7 ,46.281678416600876
0x5af4 ,49.66131103309546
0x2601 ,18.332615600340716
0x1163 ,24.21757349456247
0xe2c ,36.76876119699467
0xaec7 ,29.35210159442589
0x1de4 ,26.73558133513334
0xc7a7 ,24.31244997342372
0x1b0d ,33.75122527773809
0x1a92 ,33.02373714560328
0x6997 ,16.458313362569605
0x90c5 ,28.86959350073756
0x91d5 ,32.138871048393995
0x2bed ,32.81147754925562
0x373f ,18.40428771649407
0x5640 ,39.69085569009147
0xdf1d ,11.007963792842785
0xbb2b ,24.193274221726504
0x51f0 ,41.208505941425344
0x59ae ,32.55571684221609
0x5193 ,20.44649730043441
0xa333 ,37.79812477372191
0xc9ab ,32.69563776624294
0x4e21 ,41.84974437825549
0x1178 ,39.40100744759293
0x7c09 ,34.40431688144939
0xd641 ,29.52710701243256
0x4f8d ,15.327285026700936
0x5eee ,20.45332071541535
0x5fb2 ,26.76397891668341
